"","Files","Species","CostalCarapaceLengthMM","TotalSLCarapaceLengthMM","SpecimenName","AnteriorDistance","LateralDistance","Side","Costal","Excluded","Notes","DNE","RFI","OPCR","Slope","alpha","Modified.in.v2"
"1","UF-H-102169-100-48-L_aligned.ply","spinifera",156.36,172.82,"UF-H-102169",100.04,47.7015,"L",5,"FALSE",NA,697.2515788,0.01747195,1560.88,16.24356771,NA,FALSE
"2","UF-H-102169-101-60-R_aligned.ply","spinifera",156.36,172.82,"UF-H-102169",101.263,59.6685,"R",5,"FALSE",NA,514.4277141,0.010443862,1651.88,166.3779606,NA,FALSE
"3","UF-H-102169-102-62-L_aligned.ply","spinifera",156.36,172.82,"UF-H-102169",102.154,61.7792,"L",5,"FALSE",NA,639.7005166,0.015626221,1612.38,15.49043507,NA,FALSE
"4","UF-H-102169-103-58-R_aligned.ply","spinifera",156.36,172.82,"UF-H-102169",103.391,58.3897,"R",5,"FALSE",NA,531.4888957,0.010719147,1679,13.74072768,NA,FALSE
"5","UF-H-102169-116-35-L_aligned.ply","spinifera",156.36,172.82,"UF-H-102169",116.191,34.9847,"L",6,"FALSE",NA,714.8830431,0.018520879,1619,164.0301158,NA,FALSE
"6","UF-H-102169-118-31-R_aligned.ply","spinifera",156.36,172.82,"UF-H-102169",118.376,31.4917,"R",6,"FALSE",NA,413.737266,0.009929113,1345.5,12.75206661,NA,FALSE
"7","UF-H-102169-118-52-R_aligned.ply","spinifera",156.36,172.82,"UF-H-102169",117.697,51.565,"R",6,"FALSE",NA,616.84235,0.010340708,1787.88,13.72595031,NA,FALSE
"8","UF-H-102169-119-44-R_aligned.ply","spinifera",156.36,172.82,"UF-H-102169",118.986,43.6573,"R",6,"FALSE",NA,587.2952515,0.011174593,1742.88,13.78993387,NA,FALSE
"9","UF-H-102169-121-46-L_aligned.ply","spinifera",156.36,172.82,"UF-H-102169",121.079,46.0565,"L",6,"FALSE",NA,715.8008437,0.018345387,1703.62,15.89565799,NA,FALSE
"10","UF-H-102169-123-53-L_aligned.ply","spinifera",156.36,172.82,"UF-H-102169",122.87,52.7718,"L",6,"FALSE",NA,653.8533367,0.014583332,1651.25,14.67139886,NA,FALSE
"11","UF-H-102169-14-30-R_aligned.ply","spinifera",156.36,172.82,"UF-H-102169",13.7602,30.2397,"R",1,"FALSE",NA,1119.576232,0.02843539,1708.12,157.3374196,NA,FALSE
"12","UF-H-102169-15-28-R_aligned.ply","spinifera",156.36,172.82,"UF-H-102169",15.4755,27.5732,"R",1,"FALSE","Large floaty bits - removed",1084.170678,0.038674017,1545.88,158.3256972,NA,TRUE
"13","UF-H-102169-16-27-L_aligned.ply","spinifera",156.36,172.82,"UF-H-102169",15.66,26.6106,"L",1,"FALSE",NA,1082.434298,0.029485571,1624.25,19.97265688,NA,FALSE
"14","UF-H-102169-16-33-L_aligned.ply","spinifera",156.36,172.82,"UF-H-102169",16.2241,33.4476,"L",1,"FALSE","Manually removed edge artifact",1085.423196,0.041684342,1468.38,22.32486723,NA,TRUE
"15","UF-H-102169-18-23-R_aligned.ply","spinifera",156.36,172.82,"UF-H-102169",18.3095,23.3902,"R",1,"FALSE",NA,1053.780069,0.026223939,1699.5,160.5206254,NA,FALSE
"16","UF-H-102169-26-36-L_aligned.ply","spinifera",156.36,172.82,"UF-H-102169",26.0095,35.6767,"L",1,"FALSE","Manually removed edge artifact",1188.046104,0.038121808,1651,22.1712226,NA,TRUE
"17","UF-H-102169-32-48-R_aligned.ply","spinifera",156.36,172.82,"UF-H-102169",31.9233,48.2712,"R",2,"FALSE",NA,715.9929369,0.017936053,1626.25,16.34211712,NA,FALSE
"18","UF-H-102169-35-52-R_aligned.ply","spinifera",156.36,172.82,"UF-H-102169",34.7001,52.4446,"R",2,"FALSE",NA,754.7284069,0.016540673,1737.12,16.01878363,NA,FALSE
"19","UF-H-102169-36-37-R_aligned.ply","spinifera",156.36,172.82,"UF-H-102169",35.5309,37.3223,"R",2,"FALSE",NA,606.4147765,0.015098454,1524,164.9601806,NA,FALSE
"20","UF-H-102169-36-45-L_aligned.ply","spinifera",156.36,172.82,"UF-H-102169",36.4046,44.7985,"L",2,"FALSE",NA,882.8637321,0.026467555,1596.88,19.04986377,NA,FALSE
"21","UF-H-102169-37-57-L_aligned.ply","spinifera",156.36,172.82,"UF-H-102169",36.6665,56.9304,"L",2,"FALSE",NA,911.9969672,0.024178275,1676.25,18.45825795,NA,FALSE
"22","UF-H-102169-38-39-L_aligned.ply","spinifera",156.36,172.82,"UF-H-102169",38.1411,39.2082,"L",2,"FALSE",NA,816.8059975,0.02517998,1570.88,18.35758634,NA,FALSE
"23","UF-H-102169-57-65-R_aligned.ply","spinifera",156.36,172.82,"UF-H-102169",56.5783,64.9183,"R",3,"FALSE",NA,795.1493312,0.01912267,1776.12,16.25679717,NA,FALSE
"24","UF-H-102169-58-35-R_aligned.ply","spinifera",156.36,172.82,"UF-H-102169",58.4222,34.75,"R",3,"FALSE",NA,508.8752535,0.012705924,1484.5,14.05352419,NA,FALSE
"25","UF-H-102169-58-48-R_aligned.ply","spinifera",156.36,172.82,"UF-H-102169",57.8444,47.517,"R",3,"FALSE",NA,632.6567543,0.018028325,1593.75,164.1170773,NA,FALSE
"26","UF-H-102169-60-31-L_aligned.ply","spinifera",156.36,172.82,"UF-H-102169",60.3719,30.5093,"L",3,"FALSE",NA,704.1794383,0.018848164,1590,164.2187789,NA,FALSE
"27","UF-H-102169-60-44-L_aligned.ply","spinifera",156.36,172.82,"UF-H-102169",59.7936,43.5883,"L",3,"FALSE",NA,778.597968,0.021700084,1598.88,162.6122982,NA,FALSE
"28","UF-H-102169-62-63-L_aligned.ply","spinifera",156.36,172.82,"UF-H-102169",61.879,62.6879,"L",3,"FALSE",NA,690.7875297,0.018401044,1574.75,16.50669788,NA,FALSE
"29","UF-H-102169-79-41-R_aligned.ply","spinifera",156.36,172.82,"UF-H-102169",79.1155,40.584,"R",4,"FALSE",NA,510.2425032,0.013148535,1458.88,14.09110345,NA,FALSE
"30","UF-H-102169-80-52-R_aligned.ply","spinifera",156.36,172.82,"UF-H-102169",79.63,51.6949,"R",4,"FALSE",NA,596.1202139,0.015011402,1631.75,165.0701365,NA,FALSE
"31","UF-H-102169-80-67-R_aligned.ply","spinifera",156.36,172.82,"UF-H-102169",80.0596,66.59,"R",4,"FALSE","Small floaty bit - removed",694.2271476,0.020547156,1560.12,17.64830248,NA,TRUE
"32","UF-H-102169-82-30-L_aligned.ply","spinifera",156.36,172.82,"UF-H-102169",82.0496,30.0369,"L",4,"FALSE",NA,544.1259532,0.013751724,1464.38,14.28240784,NA,FALSE
"33","UF-H-102169-84-47-L_aligned.ply","spinifera",156.36,172.82,"UF-H-102169",84.0197,47.0307,"L",4,"FALSE",NA,630.8690468,0.017115863,1509.62,163.8903091,NA,FALSE
"34","UF-H-102169-86-67-L_aligned.ply","spinifera",156.36,172.82,"UF-H-102169",86.4834,66.6111,"L",4,"FALSE",NA,601.390256,0.016335841,1535.75,15.27812473,NA,FALSE
"35","UF-H-102169-99-27-L_aligned.ply","spinifera",156.36,172.82,"UF-H-102169",98.7509,27.459,"L",5,"FALSE",NA,480.2337921,0.010978462,1377.5,13.36896392,NA,FALSE
"36","UF-H-102169-99-33-R_aligned.ply","spinifera",156.36,172.82,"UF-H-102169",99.172,32.7205,"R",5,"FALSE",NA,344.0965086,0.008622341,1284.88,168.208081,NA,FALSE
"37","UF-H-108856-104-22-R_aligned.ply","spinifera",166.71,186.54,"UF-H-108856",103.712,22.0181,"R",5,"FALSE",NA,580.3332528,0.017820205,1133.62,164.688441,NA,FALSE
"38","UF-H-108856-104-43-R_aligned.ply","spinifera",166.71,186.54,"UF-H-108856",104.438,43.4972,"R",5,"FALSE",NA,1239.666709,0.036056124,1393.88,159.1022328,NA,FALSE
"39","UF-H-108856-104-45-L_aligned.ply","spinifera",166.71,186.54,"UF-H-108856",103.666,44.9372,"L",5,"FALSE",NA,1063.291059,0.030930775,1379.62,160.6343565,NA,FALSE
"40","UF-H-108856-105-64-R_aligned.ply","spinifera",166.71,186.54,"UF-H-108856",105.323,64.1853,"R",5,"FALSE",NA,1789.360957,0.046133248,1554.75,156.1924361,NA,FALSE
"41","UF-H-108856-106-22-L_aligned.ply","spinifera",166.71,186.54,"UF-H-108856",106.466,22.3781,"L",5,"FALSE",NA,680.7567025,0.018117165,1211.75,16.30868452,NA,FALSE
"42","UF-H-108856-109-64-L_aligned.ply","spinifera",166.71,186.54,"UF-H-108856",108.863,63.727,"L",5,"FALSE",NA,1399.458474,0.033345935,1448.5,160.6894572,NA,FALSE
"43","UF-H-108856-125-27-L_aligned.ply","spinifera",166.71,186.54,"UF-H-108856",125.414,27.2017,"L",6,"FALSE",NA,862.797442,0.027861961,1230.62,161.2838512,NA,FALSE
"44","UF-H-108856-125-39-L_aligned.ply","spinifera",166.71,186.54,"UF-H-108856",124.744,39.394,"L",6,"FALSE",NA,1450.675054,0.034480179,1531.5,20.17495135,NA,FALSE
"45","UF-H-108856-126-33-R_aligned.ply","spinifera",166.71,186.54,"UF-H-108856",125.795,33.4923,"R",6,"FALSE",NA,1054.180838,0.034567803,1299,159.6028345,NA,FALSE
"46","UF-H-108856-128-54-L_aligned.ply","spinifera",166.71,186.54,"UF-H-108856",128.272,54.2315,"L",6,"FALSE",NA,1868.987519,0.033514497,1528.62,160.6159014,NA,FALSE
"47","UF-H-108856-129-47-R_aligned.ply","spinifera",166.71,186.54,"UF-H-108856",128.56,46.6753,"R",6,"FALSE",NA,1641.697168,0.046095424,1508.62,156.3931432,NA,FALSE
"48","UF-H-108856-129-55-R_aligned.ply","spinifera",166.71,186.54,"UF-H-108856",129.379,54.5483,"R",6,"FALSE",NA,1583.414885,0.043624571,1477.25,157.406955,NA,FALSE
"49","UF-H-108856-13-22-R_aligned.ply","spinifera",166.71,186.54,"UF-H-108856",12.6506,22.4309,"R",1,"FALSE",NA,2401.614983,0.04140236,1564.88,158.7514896,NA,FALSE
"50","UF-H-108856-13-39-L_aligned.ply","spinifera",166.71,186.54,"UF-H-108856",13.0577,39.0482,"L",1,"FALSE",NA,2171.080848,0.041953275,1785.38,21.77609492,NA,FALSE
"51","UF-H-108856-13-45-R_aligned.ply","spinifera",166.71,186.54,"UF-H-108856",12.8626,45.0701,"R",1,"FALSE","Small floaty bit - removed",2544.119988,0.048838375,1806,23.46806594,NA,TRUE
"52","UF-H-108856-15-21-L_aligned.ply","spinifera",166.71,186.54,"UF-H-108856",14.6274,21.0449,"L",1,"FALSE",NA,1663.691766,0.032757829,1518.75,19.78382068,NA,FALSE
"53","UF-H-108856-15-33-R_aligned.ply","spinifera",166.71,186.54,"UF-H-108856",15.1236,33.3988,"R",1,"FALSE",NA,2099.102736,0.043647102,1484.5,158.2070344,NA,FALSE
"54","UF-H-108856-16-28-L_aligned.ply","spinifera",166.71,186.54,"UF-H-108856",15.9193,27.79,"L",1,"FALSE",NA,1948.29336,0.037347398,1759.88,159.1519323,NA,FALSE
"55","UF-H-108856-35-40-R_aligned.ply","spinifera",166.71,186.54,"UF-H-108856",34.9989,39.7987,"R",2,"FALSE",NA,2170.035394,0.04108196,1526.62,19.92359552,NA,FALSE
"56","UF-H-108856-35-66-R_aligned.ply","spinifera",166.71,186.54,"UF-H-108856",34.9863,65.8718,"R",2,"FALSE",NA,1614.188208,0.027627409,1446.75,17.71920845,NA,FALSE
"57","UF-H-108856-37-30-R_aligned.ply","spinifera",166.71,186.54,"UF-H-108856",37.0809,30.1998,"R",2,"FALSE",NA,1178.56359,0.027039516,1306.88,162.6604511,NA,FALSE
"58","UF-H-108856-38-52-L_aligned.ply","spinifera",166.71,186.54,"UF-H-108856",38.3848,52.44,"L",2,"FALSE",NA,2168.646668,0.043210946,1771.75,157.5012137,NA,FALSE
"59","UF-H-108856-39-64-L_aligned.ply","spinifera",166.71,186.54,"UF-H-108856",38.945,63.697,"L",2,"FALSE",NA,1828.697563,0.035965722,1618.25,20.50968079,NA,FALSE
"60","UF-H-108856-40-34-L_aligned.ply","spinifera",166.71,186.54,"UF-H-108856",39.8062,34.0251,"L",2,"FALSE",NA,948.2223593,0.022718133,1286.5,16.72557091,NA,FALSE
"61","UF-H-108856-58-23-R_aligned.ply","spinifera",166.71,186.54,"UF-H-108856",57.8154,23.4891,"R",3,"FALSE",NA,588.3653405,0.016290657,1136.38,15.31130731,NA,FALSE
"62","UF-H-108856-58-41-R_aligned.ply","spinifera",166.71,186.54,"UF-H-108856",58.3013,41.2019,"R",3,"FALSE",NA,873.9403312,0.019734872,1285.38,163.6637606,NA,FALSE
"63","UF-H-108856-58-66-R_aligned.ply","spinifera",166.71,186.54,"UF-H-108856",58.1467,66.338,"R",3,"FALSE",NA,1297.225347,0.026639816,1427.38,162.2950017,NA,FALSE
"64","UF-H-108856-62-23-L_aligned.ply","spinifera",166.71,186.54,"UF-H-108856",61.6065,23.1103,"L",3,"FALSE",NA,641.1399556,0.017928164,1199.38,15.80352931,NA,FALSE
"65","UF-H-108856-62-42-L_aligned.ply","spinifera",166.71,186.54,"UF-H-108856",61.8894,42.3733,"L",3,"FALSE",NA,1200.30873,0.030796178,1483.88,160.577462,NA,FALSE
"66","UF-H-108856-65-68-L_aligned.ply","spinifera",166.71,186.54,"UF-H-108856",65.0623,67.9056,"L",3,"FALSE",NA,1392.560432,0.031363974,1604.62,19.50153985,NA,FALSE
"67","UF-H-108856-80-20-R_aligned.ply","spinifera",166.71,186.54,"UF-H-108856",79.9378,20.0175,"R",4,"FALSE",NA,532.2369247,0.014836411,1086.25,15.18179242,NA,FALSE
"68","UF-H-108856-80-40-R_aligned.ply","spinifera",166.71,186.54,"UF-H-108856",79.8545,40.0718,"R",4,"FALSE",NA,964.3192637,0.021909582,1363.25,162.9615129,NA,FALSE
"69","UF-H-108856-84-23-L_aligned.ply","spinifera",166.71,186.54,"UF-H-108856",84.289,23.0008,"L",4,"FALSE",NA,710.5401116,0.019111983,1219.62,163.4551339,NA,FALSE
"70","UF-H-108856-84-64-R_aligned.ply","spinifera",166.71,186.54,"UF-H-108856",84.1072,63.5068,"R",4,"FALSE",NA,1759.773004,0.044309641,1591.12,156.8880237,NA,FALSE
"71","UF-H-108856-86-43-L_aligned.ply","spinifera",166.71,186.54,"UF-H-108856",85.7386,43.0397,"L",4,"FALSE",NA,1160.112352,0.028379791,1514.5,18.97673729,NA,FALSE
"72","UF-H-108856-87-63-L_aligned.ply","spinifera",166.71,186.54,"UF-H-108856",86.9323,63.0607,"L",4,"FALSE",NA,1287.88533,0.032216128,1488,159.9057041,NA,FALSE
"73","UF-H-120930-10-23-R_aligned.ply","spinifera",182.94,207,"UF-H-120930",10.3488,23.2155,"R",1,"FALSE","Small floaty bit - removed",1069.192482,0.051219433,959.5,155.9737833,NA,TRUE
"74","UF-H-120930-112-28-L_aligned.ply","spinifera",182.94,207,"UF-H-120930",112.212,28.0138,"L",5,"FALSE",NA,814.5130943,0.034756089,983.12,21.31601914,NA,FALSE
"75","UF-H-120930-113-24-R_aligned.ply","spinifera",182.94,207,"UF-H-120930",113.057,24.4475,"R",5,"FALSE",NA,990.3862023,0.037547188,1079.88,21.2155318,NA,FALSE
"76","UF-H-120930-113-70-R_aligned.ply","spinifera",182.94,207,"UF-H-120930",112.588,70.0013,"R",5,"FALSE","Minor scanning artifacts - left in data set for now",3372.804265,0.07332536,1510.25,153.2001471,NA,FALSE
"77","UF-H-120930-115-43-R_aligned.ply","spinifera",182.94,207,"UF-H-120930",114.55,43.1468,"R",5,"FALSE",NA,1226.740079,0.037334468,1066.62,160.1118281,NA,FALSE
"78","UF-H-120930-116-65-L_aligned.ply","spinifera",182.94,207,"UF-H-120930",115.61,65.2224,"L",5,"FALSE",NA,1198.301057,0.041950311,1118,157.855785,NA,FALSE
"79","UF-H-120930-117-47-L_aligned.ply","spinifera",182.94,207,"UF-H-120930",117.049,47.029,"L",5,"FALSE",NA,952.979516,0.037410271,1032.75,158.0668962,NA,FALSE
"80","UF-H-120930-12-52-L_aligned.ply","spinifera",182.94,207,"UF-H-120930",11.747,52.459,"L",1,"FALSE",NA,2372.525452,0.077239884,1377.5,28.90070956,NA,FALSE
"81","UF-H-120930-13-43-R_aligned.ply","spinifera",182.94,207,"UF-H-120930",13.0838,43.1705,"R",1,"FALSE",NA,2164.748543,0.082375524,1245.75,149.6084816,NA,FALSE
"82","UF-H-120930-13-45-L_aligned.ply","spinifera",182.94,207,"UF-H-120930",12.9925,44.6241,"L",1,"FALSE",NA,2266.022126,0.076625474,1274.25,151.2894686,NA,FALSE
"83","UF-H-120930-134-51-R_aligned.ply","spinifera",182.94,207,"UF-H-120930",133.623,51.3773,"R",6,"TRUE","Major scanning artifacts - excluded",NA,NA,NA,NA,NA,NA
"84","UF-H-120930-135-61-R_aligned.ply","spinifera",182.94,207,"UF-H-120930",135.284,61.0407,"R",6,"TRUE","Major scanning artifacts - excluded",NA,NA,NA,NA,NA,NA
"85","UF-H-120930-138-62-L_aligned.ply","spinifera",182.94,207,"UF-H-120930",137.618,61.8408,"L",6,"FALSE",NA,1388.401316,0.049004708,1088.62,156.0898104,NA,FALSE
"86","UF-H-120930-139-40-R_aligned.ply","spinifera",182.94,207,"UF-H-120930",139.303,40.2994,"R",6,"TRUE","Major scanning artifacts - excluded",NA,NA,NA,NA,NA,NA
"87","UF-H-120930-141-35-L_aligned.ply","spinifera",182.94,207,"UF-H-120930",141.169,35.0597,"L",6,"FALSE",NA,846.3342245,0.039287514,953.25,158.7033729,NA,FALSE
"88","UF-H-120930-145-45-L_aligned.ply","spinifera",182.94,207,"UF-H-120930",145.482,45.0221,"L",6,"FALSE",NA,972.4158852,0.03930168,1003.25,21.66686412,NA,FALSE
"89","UF-H-120930-15-27-L_aligned.ply","spinifera",182.94,207,"UF-H-120930",15.3374,26.5006,"L",1,"FALSE",NA,1315.546158,0.044503941,1051.12,21.71883945,NA,FALSE
"90","UF-H-120930-34-52-R_aligned.ply","spinifera",182.94,207,"UF-H-120930",33.5192,51.5355,"R",2,"FALSE",NA,1380.703422,0.053184726,1109.75,24.85536864,NA,FALSE
"91","UF-H-120930-38-22-R_aligned.ply","spinifera",182.94,207,"UF-H-120930",38.4666,22.4335,"R",2,"FALSE",NA,952.0201679,0.03396551,1041.88,159.9470252,NA,FALSE
"92","UF-H-120930-39-45-L_aligned.ply","spinifera",182.94,207,"UF-H-120930",38.7143,44.9418,"L",2,"FALSE",NA,1279.829301,0.04948119,1128.38,155.8534458,NA,FALSE
"93","UF-H-120930-40-28-L_aligned.ply","spinifera",182.94,207,"UF-H-120930",40.1197,27.8354,"L",2,"FALSE",NA,932.772406,0.035029342,993.5,159.6063645,NA,FALSE
"94","UF-H-120930-40-67-R_aligned.ply","spinifera",182.94,207,"UF-H-120930",40.1484,66.6288,"R",2,"FALSE",NA,1660.784823,0.062529409,1182.5,26.2675244,NA,FALSE
"95","UF-H-120930-46-67-L_aligned.ply","spinifera",182.94,207,"UF-H-120930",45.7139,66.8766,"L",2,"FALSE",NA,2007.932694,0.060196526,1393.88,154.0422366,NA,FALSE
"96","UF-H-120930-61-48-R_aligned.ply","spinifera",182.94,207,"UF-H-120930",61.3393,48.3094,"R",3,"FALSE",NA,1475.323655,0.052959439,1159.88,155.03227,NA,FALSE
"97","UF-H-120930-61-64-R_aligned.ply","spinifera",182.94,207,"UF-H-120930",61.2904,63.8893,"R",3,"FALSE","Weird edge - minor, but did remove small floaty bit",2071.241566,0.081251905,1293.25,29.58875642,NA,TRUE
"98","UF-H-120930-63-23-L_aligned.ply","spinifera",182.94,207,"UF-H-120930",62.9227,23.4868,"L",3,"FALSE",NA,682.9128175,0.026888835,957.62,19.07118321,NA,FALSE
"99","UF-H-120930-64-69-L_aligned.ply","spinifera",182.94,207,"UF-H-120930",63.9003,68.9115,"L",3,"FALSE",NA,1415.137491,0.048525861,1202.12,23.30194146,NA,FALSE
"100","UF-H-120930-65-25-R_aligned.ply","spinifera",182.94,207,"UF-H-120930",64.9274,25.3403,"R",3,"FALSE",NA,1038.682222,0.03096024,1062.88,18.95915449,NA,FALSE
"101","UF-H-120930-65-52-L_aligned.ply","spinifera",182.94,207,"UF-H-120930",65.3495,52.0498,"L",3,"FALSE",NA,769.5589421,0.032107688,1000.62,20.02083762,NA,FALSE
"102","UF-H-120930-87-71-R_aligned.ply","spinifera",182.94,207,"UF-H-120930",87.0786,70.8982,"R",4,"FALSE",NA,2618.194065,0.077708413,1427.88,28.52989482,NA,FALSE
"103","UF-H-120930-88-67-L_aligned.ply","spinifera",182.94,207,"UF-H-120930",88.2379,67.4625,"L",4,"FALSE",NA,1188.94428,0.047612374,1088.75,23.4508761,NA,FALSE
"104","UF-H-120930-89-45-L_aligned.ply","spinifera",182.94,207,"UF-H-120930",89.2558,44.9423,"L",4,"FALSE",NA,762.011887,0.031392948,967.38,159.8150696,NA,FALSE
"105","UF-H-120930-89-45-R_aligned.ply","spinifera",182.94,207,"UF-H-120930",88.8364,45.0874,"R",4,"FALSE",NA,1430.662203,0.048427537,1173.62,23.32681804,NA,FALSE
"106","UF-H-120930-9-55-R_aligned.ply","spinifera",182.94,207,"UF-H-120930",9.37205,55.0172,"R",1,"FALSE",NA,2067.893877,0.070727171,1273.75,28.07856371,NA,FALSE
"107","UF-H-120930-90-27-R_aligned.ply","spinifera",182.94,207,"UF-H-120930",90.0598,26.5486,"R",4,"FALSE",NA,811.044684,0.029946525,990.12,18.62161282,NA,FALSE
"108","UF-H-120930-92-24-L_aligned.ply","spinifera",182.94,207,"UF-H-120930",91.9375,23.5063,"L",4,"FALSE",NA,763.8978765,0.03219992,961.12,20.46296011,NA,FALSE
"109","UF-H-14114-100-23-L_aligned.ply","ferox",192.04,219.3,"UF-H-14114",99.6632,23.0825,"L",4,"FALSE","Minor scanning artifacts - left in data set for now",1187.231409,0.041100217,925.38,159.8598534,NA,FALSE
"110","UF-H-14114-104-57-L_aligned.ply","ferox",192.04,219.3,"UF-H-14114",104.221,56.9639,"L",4,"FALSE",NA,587.2399628,0.029798402,1014.88,19.91450947,NA,FALSE
"111","UF-H-14114-105-38-L_aligned.ply","ferox",192.04,219.3,"UF-H-14114",105.169,38.2629,"L",4,"FALSE","Minor scanning artifacts - left in data set for now",1005.943273,0.040433205,1033,21.22115645,NA,FALSE
"112","UF-H-14114-122-23-R_aligned.ply","ferox",192.04,219.3,"UF-H-14114",121.728,23.1412,"R",5,"FALSE",NA,348.0645414,0.030674965,677.5,159.8941437,NA,FALSE
"113","UF-H-14114-122-39-L_aligned.ply","ferox",192.04,219.3,"UF-H-14114",122.437,39.3782,"L",5,"FALSE","Minor scanning artifacts - left in data set for now",1704.886097,0.050056592,1232,23.33560549,NA,FALSE
"114","UF-H-14114-123-36-R_aligned.ply","ferox",192.04,219.3,"UF-H-14114",123.152,35.8785,"R",5,"FALSE",NA,545.2449735,0.03631391,804.62,157.7890928,NA,FALSE
"115","UF-H-14114-125-24-L_aligned.ply","ferox",192.04,219.3,"UF-H-14114",125.22,24.0906,"L",5,"FALSE",NA,970.0694532,0.040751199,847.38,21.34975376,NA,FALSE
"116","UF-H-14114-125-57-R_aligned.ply","ferox",192.04,219.3,"UF-H-14114",124.723,56.9453,"R",5,"FALSE",NA,563.0222164,0.036322467,804.12,21.95445307,NA,FALSE
"117","UF-H-14114-129-54-L_aligned.ply","ferox",192.04,219.3,"UF-H-14114",128.638,53.5954,"L",5,"FALSE",NA,1225.655749,0.042944418,1082.38,22.02306791,NA,FALSE
"118","UF-H-14114-146-25-R_aligned.ply","ferox",192.04,219.3,"UF-H-14114",146.428,24.8423,"R",6,"FALSE","Minor scnaning artifacts; floaty bits removed, left in data set for now",1099.567273,0.054818467,881.75,155.2617039,NA,TRUE
"119","UF-H-14114-147-20-L_aligned.ply","ferox",192.04,219.3,"UF-H-14114",147.305,19.6615,"L",6,"FALSE","Minor scanning artifacts - left in data set for now, but this one in particular may cause trouble later",2363.087822,0.085226071,1146,28.3066855,NA,FALSE
"120","UF-H-14114-147-36-R_aligned.ply","ferox",192.04,219.3,"UF-H-14114",146.52,35.544,"R",6,"FALSE",NA,916.8884723,0.04686286,968.12,156.4023003,NA,FALSE
"121","UF-H-14114-148-50-R_aligned.ply","ferox",192.04,219.3,"UF-H-14114",147.936,49.5774,"R",6,"FALSE",NA,607.1945325,0.034204965,872.75,159.8277936,NA,FALSE
"122","UF-H-14114-150-47-L_aligned.ply","ferox",192.04,219.3,"UF-H-14114",150.128,46.9773,"L",6,"FALSE","Minor scanning artifacts - left in data set for now",1793.227261,0.05155918,1252.88,156.9459883,NA,FALSE
"123","UF-H-14114-152-33-L_aligned.ply","ferox",192.04,219.3,"UF-H-14114",152.245,32.5639,"L",6,"FALSE","Minor scnaning artifacts; floaty bits removed, left in data set for now",2660.754062,0.084284669,1316,28.50740366,NA,TRUE
"124","UF-H-14114-17-19-R_aligned.ply","ferox",192.04,219.3,"UF-H-14114",17.4269,18.5351,"R",1,"TRUE","Major scanning artifacts - exclude",NA,NA,NA,NA,NA,NA
"125","UF-H-14114-18-32-R_aligned.ply","ferox",192.04,219.3,"UF-H-14114",18.4392,32.0163,"R",1,"TRUE","Major scanning artifacts - exclude",NA,NA,NA,NA,NA,NA
"126","UF-H-14114-19-40-L_aligned.ply","ferox",192.04,219.3,"UF-H-14114",18.9192,39.8611,"L",1,"FALSE",NA,544.467577,0.029935182,895,160.0038217,NA,FALSE
"127","UF-H-14114-20-22-L_aligned.ply","ferox",192.04,219.3,"UF-H-14114",19.9788,21.7733,"L",1,"FALSE",NA,959.8085576,0.039728057,1030.75,22.14389897,NA,FALSE
"128","UF-H-14114-20-44-R_aligned.ply","ferox",192.04,219.3,"UF-H-14114",20.1428,43.5907,"R",1,"TRUE","Major scanning artifacts - exclude",NA,NA,NA,NA,NA,NA
"129","UF-H-14114-25-30-L_aligned.ply","ferox",192.04,219.3,"UF-H-14114",24.9811,29.5737,"L",1,"FALSE",NA,755.4440582,0.035471188,976.5,20.90872724,NA,FALSE
"130","UF-H-14114-41-28-R_aligned.ply","ferox",192.04,219.3,"UF-H-14114",40.6104,28.1422,"R",2,"FALSE","Minor scanning artifacts - left in data set for now",1643.646761,0.029905741,1475.38,161.9873339,NA,FALSE
"131","UF-H-14114-45-60-R_aligned.ply","ferox",192.04,219.3,"UF-H-14114",44.6198,60.0878,"R",2,"FALSE",NA,719.4281092,0.022022855,1492.62,17.21198251,NA,FALSE
"132","UF-H-14114-46-43-L_aligned.ply","ferox",192.04,219.3,"UF-H-14114",46.3791,42.9343,"L",2,"FALSE",NA,583.7515409,0.0269598,1008.12,160.4726863,NA,FALSE
"133","UF-H-14114-47-37-R_aligned.ply","ferox",192.04,219.3,"UF-H-14114",46.5886,36.9538,"R",2,"FALSE","Minor scanning artifacts - left in data set for now",1318.506017,0.029975586,1289.62,162.1620261,NA,FALSE
"134","UF-H-14114-48-59-L_aligned.ply","ferox",192.04,219.3,"UF-H-14114",47.5668,58.7218,"L",2,"FALSE",NA,525.1656695,0.028124946,922,160.5299079,NA,FALSE
"135","UF-H-14114-49-21-L_aligned.ply","ferox",192.04,219.3,"UF-H-14114",49.1219,20.6994,"L",2,"FALSE",NA,646.105413,0.029003244,925.75,160.5864834,NA,FALSE
"136","UF-H-14114-69-60-R_aligned.ply","ferox",192.04,219.3,"UF-H-14114",68.7088,59.6951,"R",3,"FALSE",NA,748.562678,0.029905225,1133.25,160.4556746,NA,FALSE
"137","UF-H-14114-71-25-R_aligned.ply","ferox",192.04,219.3,"UF-H-14114",70.981,25.3739,"R",3,"FALSE","Minor scanning artifacts - left in data set for now",1110.858532,0.029671694,1192.38,161.3623598,NA,FALSE
"138","UF-H-14114-71-45-R_aligned.ply","ferox",192.04,219.3,"UF-H-14114",70.993,45.275,"R",3,"FALSE",NA,1118.144635,0.038198768,1198.25,158.7682876,NA,FALSE
"139","UF-H-14114-74-57-L_aligned.ply","ferox",192.04,219.3,"UF-H-14114",73.539,56.7085,"L",3,"FALSE",NA,572.8473694,0.035027699,894.5,21.36620195,NA,FALSE
"140","UF-H-14114-75-40-L_aligned.ply","ferox",192.04,219.3,"UF-H-14114",74.8667,39.9564,"L",3,"FALSE",NA,600.3414776,0.032105984,973.62,159.1681508,NA,FALSE
"141","UF-H-14114-77-16-L_aligned.ply","ferox",192.04,219.3,"UF-H-14114",76.7147,16.4372,"L",3,"FALSE","Unable to find this scan - not in molaR_Batch either",NA,NA,NA,NA,NA,NA
"142","UF-H-14114-95-60-R_aligned.ply","ferox",192.04,219.3,"UF-H-14114",94.6576,59.93,"R",4,"FALSE",NA,624.0680962,0.033736336,946.62,21.46507323,NA,FALSE
"143","UF-H-14114-97-24-R_aligned.ply","ferox",192.04,219.3,"UF-H-14114",97.3029,24.0203,"R",4,"FALSE",NA,306.6804376,0.021181797,745.12,17.49109004,NA,FALSE
"144","UF-H-14114-97-40-R_aligned.ply","ferox",192.04,219.3,"UF-H-14114",97.4296,40.2964,"R",4,"FALSE",NA,576.1298649,0.031695751,965.12,20.41857984,NA,FALSE
"145","UF-H-143696-107-56-R_aligned.ply","ferox",169.44,193.01,"UF-H-143696",106.534,56.4399,"R",5,"FALSE",NA,1046.811952,0.072376546,792.25,153.4975443,NA,FALSE
"146","UF-H-143696-108-40-R_aligned.ply","ferox",169.44,193.01,"UF-H-143696",107.949,39.702,"R",5,"FALSE","Minor scanning artifacts - left in data set for now",987.9254842,0.069400002,767.62,152.2187623,NA,FALSE
"147","UF-H-143696-108-54-L_aligned.ply","ferox",169.44,193.01,"UF-H-143696",108.027,54.0114,"L",5,"FALSE","Minor scanning artifacts - left in data set for now",2195.292817,0.074685982,1021.5,152.7791814,NA,FALSE
"148","UF-H-143696-109-57-L_aligned.ply","ferox",169.44,193.01,"UF-H-143696",109.152,56.9213,"L",5,"FALSE","Minor scanning artifacts - left in data set for now",1817.796654,0.062485378,1000,25.4888692,NA,FALSE
"149","UF-H-143696-11-20-R_aligned.ply","ferox",169.44,193.01,"UF-H-143696",10.8636,20.3774,"R",1,"FALSE",NA,848.9700706,0.039692155,1120.12,158.2360044,NA,FALSE
"150","UF-H-143696-111-35-R_aligned.ply","ferox",169.44,193.01,"UF-H-143696",111.153,34.7562,"R",5,"FALSE",NA,673.6556249,0.054055132,717.38,154.7597914,NA,FALSE
"151","UF-H-143696-117-45-L_aligned.ply","ferox",169.44,193.01,"UF-H-143696",117.031,44.8981,"L",5,"TRUE","Major scanning artifacts - excluded",NA,NA,NA,NA,NA,NA
"152","UF-H-143696-12-26-R_aligned.ply","ferox",169.44,193.01,"UF-H-143696",12.3317,26.2327,"R",1,"FALSE","Floaty bits - removed",886.508708,0.048134844,1034.38,23.72523652,NA,TRUE
"153","UF-H-143696-129-35-R_aligned.ply","ferox",169.44,193.01,"UF-H-143696",129.215,34.7815,"R",6,"FALSE",NA,558.4245197,0.050897538,685.62,155.0172728,NA,FALSE
"154","UF-H-143696-129-48-L_aligned.ply","ferox",169.44,193.01,"UF-H-143696",128.847,47.7628,"L",6,"FALSE",NA,520.9943295,0.053701083,629.38,24.92683604,NA,FALSE
"155","UF-H-143696-131-33-L_aligned.ply","ferox",169.44,193.01,"UF-H-143696",131.056,32.9035,"L",6,"FALSE",NA,811.755016,0.066039574,751.12,27.40060815,NA,FALSE
"156","UF-H-143696-132-41-R_aligned.ply","ferox",169.44,193.01,"UF-H-143696",132.392,40.8272,"R",6,"FALSE",NA,514.5663055,0.050684575,630.5,24.96405559,NA,FALSE
"157","UF-H-143696-132-42-R_aligned.ply","ferox",169.44,193.01,"UF-H-143696",132.224,42.2852,"R",6,"FALSE",NA,539.0272024,0.049245219,711.88,24.05840065,NA,FALSE
"158","UF-H-143696-136-39-L_aligned.ply","ferox",169.44,193.01,"UF-H-143696",135.552,39.0715,"L",6,"FALSE",NA,618.3528882,0.064991834,638.38,152.5492042,NA,FALSE
"159","UF-H-143696-14-35-R_aligned.ply","ferox",169.44,193.01,"UF-H-143696",13.6053,35.3018,"R",1,"TRUE","Major scanning artifacts - excluded",NA,NA,NA,NA,NA,NA
"160","UF-H-143696-14-44-L_aligned.ply","ferox",169.44,193.01,"UF-H-143696",14.2814,44.0875,"L",1,"TRUE","Major scanning artifacts - excluded",NA,NA,NA,NA,NA,NA
"161","UF-H-143696-15-22-L_aligned.ply","ferox",169.44,193.01,"UF-H-143696",15.1477,21.5779,"L",1,"TRUE","Major scanning artifacts - excluded",NA,NA,NA,NA,NA,NA
"162","UF-H-143696-17-28-L_aligned.ply","ferox",169.44,193.01,"UF-H-143696",16.6429,27.9886,"L",1,"TRUE","Major scanning artifacts - excluded",NA,NA,NA,NA,NA,NA
"163","UF-H-143696-39-61-R_aligned.ply","ferox",169.44,193.01,"UF-H-143696",39.0425,60.6434,"R",2,"FALSE","Minor scanning artifacts - left in data set for now",1354.824144,0.054062768,1104.88,156.5600561,NA,FALSE
"164","UF-H-143696-41-38-R_aligned.ply","ferox",169.44,193.01,"UF-H-143696",40.8139,38.1264,"R",2,"FALSE",NA,948.3515467,0.043530088,1086,157.0666799,NA,FALSE
"165","UF-H-143696-41-58-L_aligned.ply","ferox",169.44,193.01,"UF-H-143696",41.0801,57.8017,"L",2,"FALSE","Minor scanning artifacts - left in data set for now",706.3500143,0.035735212,848.5,158.9176566,NA,FALSE
"166","UF-H-143696-43-46-L_aligned.ply","ferox",169.44,193.01,"UF-H-143696",42.8281,46.3524,"L",2,"FALSE",NA,764.0983926,0.040560115,929.62,22.37408327,NA,FALSE
"167","UF-H-143696-46-28-R_aligned.ply","ferox",169.44,193.01,"UF-H-143696",45.6905,27.6277,"R",2,"FALSE",NA,880.6009378,0.040404759,1026.62,157.9432308,NA,FALSE
"168","UF-H-143696-47-27-L_aligned.ply","ferox",169.44,193.01,"UF-H-143696",46.5719,26.747,"L",2,"FALSE","Minor scanning artifacts - left in data set for now",1272.456813,0.039994544,1229.38,21.55439372,NA,FALSE
"169","UF-H-143696-60-67-R_aligned.ply","ferox",169.44,193.01,"UF-H-143696",60.257,66.8408,"R",3,"TRUE","Major scanning artifacts - excluded",NA,NA,NA,NA,NA,NA
"170","UF-H-143696-64-33-R_aligned.ply","ferox",169.44,193.01,"UF-H-143696",64.2185,33.4897,"R",3,"FALSE","Minor scanning artifacts - left in data set for now",1970.009508,0.065057582,1149.88,25.12778516,NA,FALSE
"171","UF-H-143696-64-60-L_aligned.ply","ferox",169.44,193.01,"UF-H-143696",63.7507,59.8892,"L",3,"FALSE",NA,449.9452592,0.040240797,629.75,157.3431195,NA,FALSE
"172","UF-H-143696-65-51-L_aligned.ply","ferox",169.44,193.01,"UF-H-143696",65.3415,51.3402,"L",3,"FALSE",NA,689.7650597,0.048002241,819.62,24.78270517,NA,FALSE
"173","UF-H-143696-68-34-L_aligned.ply","ferox",169.44,193.01,"UF-H-143696",67.8618,34.3228,"L",3,"FALSE",NA,776.8684054,0.042439911,983.88,22.93000445,NA,FALSE
"174","UF-H-143696-68-54-R_aligned.ply","ferox",169.44,193.01,"UF-H-143696",68.3131,53.9938,"R",3,"TRUE","Major scanning artifacts - excluded",NA,NA,NA,NA,NA,NA
"175","UF-H-143696-83-31-R_aligned.ply","ferox",169.44,193.01,"UF-H-143696",83.3931,31.0185,"R",4,"FALSE","Minor scanning artifacts - left in data set for now",1010.76702,0.043932079,942.88,22.18508846,NA,FALSE
"176","UF-H-143696-84-38-R_aligned.ply","ferox",169.44,193.01,"UF-H-143696",83.7888,37.978,"R",4,"TRUE","Major scanning artifacts - excluded",NA,NA,NA,NA,NA,NA
"177","UF-H-143696-84-63-R_aligned.ply","ferox",169.44,193.01,"UF-H-143696",83.6144,63.2346,"R",4,"TRUE","Major scanning artifacts - excluded",NA,NA,NA,NA,NA,NA
"178","UF-H-143696-90-23-L_aligned.ply","ferox",169.44,193.01,"UF-H-143696",89.9529,23.2622,"L",4,"FALSE","Minor scanning artifacts - left in data set for now",3845.124937,0.07626719,1615.75,26.64697295,NA,FALSE
"179","UF-H-143696-90-62-L_aligned.ply","ferox",169.44,193.01,"UF-H-143696",89.7894,61.6617,"L",4,"FALSE","Minor scanning artifacts - left in data set for now",723.4018899,0.045683222,767.62,156.5734277,NA,FALSE
"180","UF-H-143696-95-42-L_aligned.ply","ferox",169.44,193.01,"UF-H-143696",94.729,41.5967,"L",4,"FALSE","Minor scanning artifacts - left in data set for now",3337.319122,0.08426093,1328.88,28.96617589,NA,FALSE
"181","UF-H-150407-10-75-R_aligned.ply","ferox",260.1,298.84,"UF-H-150407",10.0824,74.8829,"R",1,"FALSE",NA,203.2257378,0.022504593,461.12,16.3636111,NA,FALSE
"182","UF-H-150407-102-99-R_aligned.ply","ferox",260.1,298.84,"UF-H-150407",101.738,98.8857,"R",3,"FALSE",NA,136.4962633,0.01688697,408.12,15.17050619,NA,FALSE
"183","UF-H-150407-12-79-L_aligned.ply","ferox",260.1,298.84,"UF-H-150407",11.7776,78.8333,"L",1,"FALSE",NA,141.0269262,0.002107062,355.38,14.71189499,NA,FALSE
"184","UF-H-150407-131-30-R_aligned.ply","ferox",260.1,298.84,"UF-H-150407",130.735,30.0767,"R",4,"FALSE",NA,49.5316934,0.005741013,300.75,11.40092161,0.3,FALSE
"185","UF-H-150407-131-35-L_aligned.ply","ferox",260.1,298.84,"UF-H-150407",131.371,35.2385,"L",4,"FALSE",NA,44.3352266,0.008368096,260.38,168.4458206,0.25,FALSE
"186","UF-H-150407-132-111-L_aligned.ply","ferox",260.1,298.84,"UF-H-150407",132.179,110.969,"L",4,"FALSE",NA,196.6454074,0.02202675,426.75,163.0272288,NA,FALSE
"187","UF-H-150407-132-63-R_aligned.ply","ferox",260.1,298.84,"UF-H-150407",132.082,63.2327,"R",4,"FALSE",NA,108.293401,0.0154983,329.75,164.8845003,0.22,FALSE
"188","UF-H-150407-134-99-R_aligned.ply","ferox",260.1,298.84,"UF-H-150407",133.782,98.7603,"R",4,"FALSE",NA,142.4688774,0.01744034,412.75,164.8710249,0.21,FALSE
"189","UF-H-150407-135-69-L_aligned.ply","ferox",260.1,298.84,"UF-H-150407",134.802,68.6752,"L",4,"FALSE",NA,136.3656245,0.01548179,326.75,163.5568494,0.29,FALSE
"190","UF-H-150407-14-62-L_aligned.ply","ferox",260.1,298.84,"UF-H-150407",14.1008,61.5747,"L",1,"FALSE",NA,136.1125088,0.01238792,395.12,14.63087626,0.25,FALSE
"191","UF-H-150407-161-29-L_aligned.ply","ferox",260.1,298.84,"UF-H-150407",160.895,29.0621,"L",5,"FALSE",NA,52.83264941,0.007304807,212.75,13.62652126,0.38,FALSE
"192","UF-H-150407-163-34-R_aligned.ply","ferox",260.1,298.84,"UF-H-150407",163.382,34.3987,"R",5,"FALSE",NA,60.43634534,0.01211122,287.5,166.5622176,0.24,FALSE
"193","UF-H-150407-166-57-R_aligned.ply","ferox",260.1,298.84,"UF-H-150407",165.575,56.8055,"R",5,"FALSE",NA,125.163221,0.01920067,332.88,16.11555536,0.25,FALSE
"194","UF-H-150407-166-95-L_aligned.ply","ferox",260.1,298.84,"UF-H-150407",166.361,94.9935,"L",5,"FALSE",NA,126.6514988,0.01747971,339.25,164.0984801,0.21,FALSE
"195","UF-H-150407-168-58-L_aligned.ply","ferox",260.1,298.84,"UF-H-150407",168.16,58.2872,"L",5,"FALSE",NA,137.9247464,0.0210113,297.12,17.43501651,0.22,FALSE
"196","UF-H-150407-168-83-R_aligned.ply","ferox",260.1,298.84,"UF-H-150407",168.357,83.0244,"R",5,"FALSE",NA,195.7512942,0.02627068,409,17.8095461,NA,FALSE
"197","UF-H-150407-191-25-L_aligned.ply","ferox",260.1,298.84,"UF-H-150407",191.403,25.2398,"L",6,"FALSE",NA,89.10289993,0.01978325,261,163.4648136,0.25,FALSE
"198","UF-H-150407-193-24-R_aligned.ply","ferox",260.1,298.84,"UF-H-150407",193.002,24.4321,"R",6,"FALSE",NA,89.77384828,0.01633998,258.38,16.88817898,0.37,FALSE
"199","UF-H-150407-196-78-L_aligned.ply","ferox",260.1,298.84,"UF-H-150407",196.365,78.4026,"L",6,"FALSE",NA,178.9323977,0.02319948,392.88,18.03363166,NA,FALSE
"200","UF-H-150407-197-61-L_aligned.ply","ferox",260.1,298.84,"UF-H-150407",196.751,61.2966,"L",6,"FALSE",NA,150.3321879,0.02911178,310.5,160.880268,NA,FALSE
"201","UF-H-150407-199-77-R_aligned.ply","ferox",260.1,298.84,"UF-H-150407",198.635,76.8709,"R",6,"FALSE",NA,202.9620283,0.02346954,402.5,18.66630429,NA,FALSE
"202","UF-H-150407-20-55-R_aligned.ply","ferox",260.1,298.84,"UF-H-150407",19.6023,55.446,"R",1,"FALSE",NA,132.3901647,0.01258569,388.25,165.8591226,0.29,FALSE
"203","UF-H-150407-202-57-R_aligned.ply","ferox",260.1,298.84,"UF-H-150407",201.86,57.4894,"R",6,"FALSE",NA,155.7509006,0.02655568,309,161.3650472,0.23,FALSE
"204","UF-H-150407-25-36-R_aligned.ply","ferox",260.1,298.84,"UF-H-150407",25.328,36.174,"R",1,"FALSE",NA,94.56713448,0.01001921,369.38,13.48522211,0.23,FALSE
"205","UF-H-150407-26-19-L_aligned.ply","ferox",260.1,298.84,"UF-H-150407",26.0727,19.1461,"L",1,"FALSE",NA,94.21796813,0.01187351,342.25,14.2544031,0.31,FALSE
"206","UF-H-150407-49-86-L_aligned.ply","ferox",260.1,298.84,"UF-H-150407",49.4843,86.2003,"L",2,"FALSE",NA,124.2317331,0.00923274,375.75,14.06877995,NA,FALSE
"207","UF-H-150407-56-92-R_aligned.ply","ferox",260.1,298.84,"UF-H-150407",55.7412,91.5692,"R",2,"FALSE",NA,132.1519068,0.01335487,408,165.2926161,0.22,FALSE
"208","UF-H-150407-58-60-L_aligned.ply","ferox",260.1,298.84,"UF-H-150407",57.9242,59.906,"L",2,"FALSE",NA,112.5859212,0.01711532,333.62,15.13385771,0.21,FALSE
"209","UF-H-150407-59-36-L_aligned.ply","ferox",260.1,298.84,"UF-H-150407",59.2476,35.9826,"L",2,"FALSE",NA,64.07746081,0.009876227,282.88,13.04097829,0.41,FALSE
"210","UF-H-150407-62-33-R_aligned.ply","ferox",260.1,298.84,"UF-H-150407",61.7869,33.3391,"R",2,"FALSE",NA,55.59987344,0.009199746,287.5,167.5094228,0.25,FALSE
"211","UF-H-150407-63-73-R_aligned.ply","ferox",260.1,298.84,"UF-H-150407",63.0421,72.8306,"R",2,"FALSE",NA,133.7163684,0.01715378,366.62,164.2007165,0.24,FALSE
"212","UF-H-150407-94-82-L_aligned.ply","ferox",260.1,298.84,"UF-H-150407",94.3463,82.2596,"L",3,"FALSE",NA,143.0589038,0.0120464,378.5,164.2955759,0.26,FALSE
"213","UF-H-150407-97-103-L_aligned.ply","ferox",260.1,298.84,"UF-H-150407",96.7836,102.98,"L",3,"FALSE",NA,161.805131,0.02006805,389.5,16.36191386,0.24,FALSE
"214","UF-H-150407-98-29-R_aligned.ply","ferox",260.1,298.84,"UF-H-150407",97.7783,29.3929,"R",3,"FALSE",NA,45.0388156,0.006637686,274.12,11.19677647,0.31,FALSE
"215","UF-H-150407-98-43-L_aligned.ply","ferox",260.1,298.84,"UF-H-150407",98.3247,42.9891,"L",3,"FALSE",NA,54.83284605,0.009197667,249.75,12.83329234,0.31,FALSE
"216","UF-H-150407-99-82-R_aligned.ply","ferox",260.1,298.84,"UF-H-150407",99.2857,82.0331,"R",3,"FALSE",NA,125.3517587,0.0138081,362,164.5925397,0.37,FALSE
"217","UF-H-19011-10-53-L_aligned.ply","ferox",202.38,226.09,"UF-H-19011",10.1793,52.8609,"L",1,"TRUE","Weird scanning artifacts at one end",NA,NA,NA,NA,NA,NA
"218","UF-H-19011-100-47-L_aligned.ply","ferox",202.38,226.09,"UF-H-19011",99.6837,47.0675,"L",4,"FALSE",NA,392.0591263,0.026254288,668.38,18.34024635,NA,FALSE
"219","UF-H-19011-108-72-L_aligned.ply","ferox",202.38,226.09,"UF-H-19011",107.831,72.0848,"L",4,"FALSE",NA,381.9430495,0.021170814,695.25,162.4074895,NA,FALSE
"220","UF-H-19011-121-24-R_aligned.ply","ferox",202.38,226.09,"UF-H-19011",120.844,24.1989,"R",5,"FALSE",NA,639.7559065,0.028460871,809.12,161.8842914,NA,FALSE
"221","UF-H-19011-124-64-R_aligned.ply","ferox",202.38,226.09,"UF-H-19011",124.367,64.1787,"R",5,"FALSE",NA,674.0934792,0.039351493,773.75,22.98629884,NA,FALSE
"222","UF-H-19011-124-70-L_aligned.ply","ferox",202.38,226.09,"UF-H-19011",124.487,69.7483,"L",5,"FALSE",NA,410.5489787,0.024110229,720.5,161.8849698,NA,FALSE
"223","UF-H-19011-125-59-R_aligned.ply","ferox",202.38,226.09,"UF-H-19011",125.395,58.8584,"R",5,"FALSE",NA,691.7246158,0.04323547,791.5,23.25618572,NA,FALSE
"224","UF-H-19011-127-26-L_aligned.ply","ferox",202.38,226.09,"UF-H-19011",127.022,26.4896,"L",5,"FALSE","Minor scanning artifacts - left in data set for now",936.1635027,0.032708381,794.12,18.77318109,NA,FALSE
"225","UF-H-19011-128-48-L_aligned.ply","ferox",202.38,226.09,"UF-H-19011",127.551,47.9196,"L",5,"FALSE",NA,620.0361274,0.031058029,799.88,160.1025236,NA,FALSE
"226","UF-H-19011-14-50-R_aligned.ply","ferox",202.38,226.09,"UF-H-19011",14.3368,50.0811,"R",1,"FALSE",NA,459.1572567,0.02351878,844,17.65779441,NA,FALSE
"227","UF-H-19011-142-42-R_aligned.ply","ferox",202.38,226.09,"UF-H-19011",142.163,42.2557,"R",6,"FALSE",NA,678.8982365,0.04286119,785.5,22.70307359,NA,FALSE
"228","UF-H-19011-147-19-R_aligned.ply","ferox",202.38,226.09,"UF-H-19011",147.023,19.3746,"R",6,"FALSE","Minor scanning artifacts - left in data set for now",879.2867327,0.042366351,772.25,21.07532477,NA,FALSE
"229","UF-H-19011-15-27-R_aligned.ply","ferox",202.38,226.09,"UF-H-19011",14.8178,26.8433,"R",1,"FALSE",NA,409.5612748,0.018922686,833.88,163.5565662,NA,FALSE
"230","UF-H-19011-150-28-L_aligned.ply","ferox",202.38,226.09,"UF-H-19011",149.831,27.6032,"L",6,"FALSE","Minor scanning artifacts - left in data set for now",2102.446054,0.058088302,1010.5,157.5930303,NA,FALSE
"231","UF-H-19011-150-54-R_aligned.ply","ferox",202.38,226.09,"UF-H-19011",149.562,54.0357,"R",6,"FALSE",NA,744.6107516,0.04941313,801.5,24.27467469,NA,FALSE
"232","UF-H-19011-151-42-L_aligned.ply","ferox",202.38,226.09,"UF-H-19011",150.916,41.5613,"L",6,"TRUE","Scanning artifacts more severe - excluded",NA,NA,NA,NA,NA,NA
"233","UF-H-19011-159-60-L_aligned.ply","ferox",202.38,226.09,"UF-H-19011",158.552,59.6774,"L",6,"FALSE","Minor scanning artifacts - left in data set for now",1306.912487,0.044128452,963,157.7251151,NA,FALSE
"234","UF-H-19011-19-24-L_aligned.ply","ferox",202.38,226.09,"UF-H-19011",19.3281,23.8685,"L",1,"TRUE","Weird scanning artifacts at one end",NA,NA,NA,NA,NA,NA
"235","UF-H-19011-27-42-L_aligned.ply","ferox",202.38,226.09,"UF-H-19011",26.7005,42.1158,"L",1,"TRUE","Weird scanning artifacts at one end",NA,NA,NA,NA,NA,NA
"236","UF-H-19011-38-68-L_aligned.ply","ferox",202.38,226.09,"UF-H-19011",38.191,68.4873,"L",2,"FALSE",NA,305.3437829,0.013711926,791.25,15.43566553,NA,FALSE
"237","UF-H-19011-41-25-R_aligned.ply","ferox",202.38,226.09,"UF-H-19011",40.7737,25.1682,"R",2,"FALSE",NA,278.0327253,0.015194463,663.5,14.87033154,NA,FALSE
"238","UF-H-19011-44-47-R_aligned.ply","ferox",202.38,226.09,"UF-H-19011",44.1928,46.5788,"R",2,"FALSE",NA,323.7574965,0.015425449,792.25,164.5011506,NA,FALSE
"239","UF-H-19011-44-57-L_aligned.ply","ferox",202.38,226.09,"UF-H-19011",43.6682,57.1221,"L",2,"FALSE",NA,318.1205597,0.016169532,770.5,15.91790742,NA,FALSE
"240","UF-H-19011-45-27-R_aligned.ply","ferox",202.38,226.09,"UF-H-19011",45.1989,26.747,"R",2,"FALSE","One edge is folded over itself - removed floaty bits, left in for now",462.7908185,0.033618813,652.88,160.7967758,NA,TRUE
"241","UF-H-19011-47-33-L_aligned.ply","ferox",202.38,226.09,"UF-H-19011",46.5392,33.0087,"L",2,"FALSE",NA,218.1029306,0.010388068,746.12,166.717183,NA,FALSE
"242","UF-H-19011-66-56-L_aligned.ply","ferox",202.38,226.09,"UF-H-19011",66.1923,56.4086,"L",3,"FALSE",NA,301.7536217,0.016559237,697.62,164.3888947,NA,FALSE
"243","UF-H-19011-67-47-R_aligned.ply","ferox",202.38,226.09,"UF-H-19011",67.3404,47.012,"R",3,"FALSE",NA,277.7797813,0.015028598,707.62,165.58926,NA,FALSE
"244","UF-H-19011-71-74-R_aligned.ply","ferox",202.38,226.09,"UF-H-19011",71.098,73.56,"R",3,"FALSE",NA,324.838375,0.015440984,816.62,164.8722571,NA,FALSE
"245","UF-H-19011-72-19-R_aligned.ply","ferox",202.38,226.09,"UF-H-19011",71.5307,19.0717,"R",3,"FALSE","Minor scanning artifacts - left in data set for now",1331.656735,0.033368639,908.5,17.906365,NA,FALSE
"246","UF-H-19011-72-28-L_aligned.ply","ferox",202.38,226.09,"UF-H-19011",71.8547,27.851,"L",3,"FALSE",NA,270.0949946,0.017782496,616,164.2417194,NA,FALSE
"247","UF-H-19011-82-68-L_aligned.ply","ferox",202.38,226.09,"UF-H-19011",81.5103,67.6092,"L",3,"FALSE",NA,296.1382417,0.015662089,686.62,15.80034189,NA,FALSE
"248","UF-H-19011-9-38-R_aligned.ply","ferox",202.38,226.09,"UF-H-19011",8.61797,38.0918,"R",1,"FALSE",NA,514.3505909,0.024436365,921.5,161.7747638,NA,FALSE
"249","UF-H-19011-94-42-R_aligned.ply","ferox",202.38,226.09,"UF-H-19011",93.5873,42.0963,"R",4,"FALSE",NA,401.59301,0.017308005,811.88,16.14652057,NA,FALSE
"250","UF-H-19011-94-65-R_aligned.ply","ferox",202.38,226.09,"UF-H-19011",94.163,65.2275,"R",4,"FALSE",NA,460.1022978,0.027656199,783.62,160.9762579,NA,FALSE
"251","UF-H-19011-95-25-R_aligned.ply","ferox",202.38,226.09,"UF-H-19011",95.0039,24.6254,"R",4,"FALSE",NA,322.5606377,0.017350446,747.5,14.78723873,NA,FALSE
"252","UF-H-19011-99-25-L_aligned.ply","ferox",202.38,226.09,"UF-H-19011",99.2767,25.2747,"L",4,"FALSE",NA,356.2985046,0.02308446,633.75,17.19971188,NA,FALSE
"253","UF-H-37228-106-25-L_aligned.ply","spinifera",166.05,184.52,"UF-H-37228",106.297,24.6502,"L",5,"FALSE",NA,929.3350713,0.0265959,1364.25,161.8201305,NA,FALSE
"254","UF-H-37228-106-38-R_aligned.ply","spinifera",166.05,184.52,"UF-H-37228",105.896,38.4758,"R",5,"FALSE",NA,869.1571455,0.036064675,1153.62,158.0076826,NA,FALSE
"255","UF-H-37228-106-44-L_aligned.ply","spinifera",166.05,184.52,"UF-H-37228",106.119,44.0477,"L",5,"FALSE",NA,1072.95841,0.041446302,1265.25,157.0240048,NA,FALSE
"256","UF-H-37228-107-23-R_aligned.ply","spinifera",166.05,184.52,"UF-H-37228",107.008,23.3835,"R",5,"FALSE",NA,647.478362,0.02197987,1231.62,162.2409259,NA,FALSE
"257","UF-H-37228-108-36-L_aligned.ply","spinifera",166.05,184.52,"UF-H-37228",107.744,36.472,"L",5,"FALSE",NA,862.5639729,0.034365654,1238.88,159.2254849,NA,FALSE
"258","UF-H-37228-111-48-R_aligned.ply","spinifera",166.05,184.52,"UF-H-37228",111.041,48.3427,"R",5,"FALSE",NA,1131.410909,0.047048241,1251,24.40644091,NA,FALSE
"259","UF-H-37228-124-41-L_aligned.ply","spinifera",166.05,184.52,"UF-H-37228",123.938,41.3175,"L",6,"FALSE",NA,1385.34476,0.047285253,1486.5,156.295323,NA,FALSE
"260","UF-H-37228-128-29-L_aligned.ply","spinifera",166.05,184.52,"UF-H-37228",127.742,28.9877,"L",6,"FALSE",NA,1800.057149,0.041164655,1476.25,158.1599279,NA,FALSE
"261","UF-H-37228-129-32-L_aligned.ply","spinifera",166.05,184.52,"UF-H-37228",129.306,31.7273,"L",6,"FALSE",NA,1574.073496,0.042930107,1501.62,157.4598073,NA,FALSE
"262","UF-H-37228-13-29-R_aligned.ply","spinifera",166.05,184.52,"UF-H-37228",13.2179,29.2836,"R",1,"FALSE",NA,1107.273274,0.03838979,1280.62,22.08474648,NA,FALSE
"263","UF-H-37228-130-29-R_aligned.ply","spinifera",166.05,184.52,"UF-H-37228",130.1194,28.9941,"R",6,"FALSE",NA,1073.314822,0.039867323,1266,157.9025502,NA,FALSE
"264","UF-H-37228-130-40-R_aligned.ply","spinifera",166.05,184.52,"UF-H-37228",129.631,40.0863,"R",6,"FALSE",NA,1164.798262,0.046594975,1266.38,156.2384341,NA,FALSE
"265","UF-H-37228-134-38-R_aligned.ply","spinifera",166.05,184.52,"UF-H-37228",134.226,38.4966,"R",6,"FALSE",NA,1320.099903,0.053878536,1289.88,24.88445401,NA,FALSE
"266","UF-H-37228-15-26-R_aligned.ply","spinifera",166.05,184.52,"UF-H-37228",15.3138,25.6,"R",1,"FALSE",NA,942.5630701,0.03564995,1246.62,21.01854903,NA,FALSE
"267","UF-H-37228-19-30-L_aligned.ply","spinifera",166.05,184.52,"UF-H-37228",18.705,30.1092,"L",1,"FALSE",NA,930.5851246,0.035790048,1263.25,21.4015346,NA,FALSE
"268","UF-H-37228-19-35-L_aligned.ply","spinifera",166.05,184.52,"UF-H-37228",19.2759,34.8201,"L",1,"FALSE","Weird bend in the one corner - ok, not an artifact",1104.965399,0.037429465,1443.75,21.82038109,NA,FALSE
"269","UF-H-37228-22-27-L_aligned.ply","spinifera",166.05,184.52,"UF-H-37228",21.5353,27.4723,"L",1,"FALSE",NA,1128.428165,0.033959866,1644.12,159.3638916,NA,FALSE
"270","UF-H-37228-38-36-R_aligned.ply","spinifera",166.05,184.52,"UF-H-37228",38.0662,35.7089,"R",2,"FALSE","One floaty bit - removed",858.6987335,0.041756342,1141.88,157.8334921,NA,TRUE
"271","UF-H-37228-38-40-R_aligned.ply","spinifera",166.05,184.52,"UF-H-37228",38.0652,39.6469,"R",2,"FALSE",NA,707.0664074,0.031155334,1045.5,20.56717336,NA,FALSE
"272","UF-H-37228-42-35-L_aligned.ply","spinifera",166.05,184.52,"UF-H-37228",42.1013,34.6597,"L",2,"FALSE",NA,791.6190968,0.030423497,1177.5,159.4721424,NA,FALSE
"273","UF-H-37228-45-35-L_aligned.ply","spinifera",166.05,184.52,"UF-H-37228",44.7675,35.1282,"L",2,"FALSE",NA,835.9173117,0.032233177,1194.38,158.8264514,NA,FALSE
"274","UF-H-37228-47-35-L_aligned.ply","spinifera",166.05,184.52,"UF-H-37228",46.6529,34.6297,"L",2,"FALSE",NA,817.2610664,0.032657856,1201.88,159.1422317,NA,FALSE
"275","UF-H-37228-48-33-R_aligned.ply","spinifera",166.05,184.52,"UF-H-37228",47.5243,33.3865,"R",2,"FALSE","I have both a 47-33 and a 48-33, which appear identical. 47 is marked for removal from the other dataset",822.294219,0.028802024,1231.38,160.035121,NA,FALSE
"276","UF-H-37228-62-49-R_aligned.ply","spinifera",166.05,184.52,"UF-H-37228",62.3538,48.7598,"R",3,"FALSE",NA,1032.113548,0.04116234,1294.12,157.1301816,NA,FALSE
"277","UF-H-37228-63-22-R_aligned.ply","spinifera",166.05,184.52,"UF-H-37228",63.2099,21.7381,"R",3,"FALSE",NA,626.6131404,0.025373116,1127,161.3106034,NA,FALSE
"278","UF-H-37228-63-33-R_aligned.ply","spinifera",166.05,184.52,"UF-H-37228",62.6683,33.3917,"R",3,"FALSE",NA,815.427673,0.031642435,1208.5,159.5453358,NA,FALSE
"279","UF-H-37228-65-26-L_aligned.ply","spinifera",166.05,184.52,"UF-H-37228",64.6148,26.3896,"L",3,"FALSE",NA,661.3896364,0.025699549,1157.88,161.0955473,NA,FALSE
"280","UF-H-37228-65-35-L_aligned.ply","spinifera",166.05,184.52,"UF-H-37228",65.4033,34.632,"L",3,"FALSE",NA,1499.716725,0.036753234,1384.62,158.0838568,NA,FALSE
"281","UF-H-37228-66-45-L_aligned.ply","spinifera",166.05,184.52,"UF-H-37228",66.0919,44.8733,"L",3,"TRUE","One corner is weird - excluded for other reasons",NA,NA,NA,NA,NA,NA
"282","UF-H-37228-8-28-R_aligned.ply","spinifera",166.05,184.52,"UF-H-37228",8.0624,28.012,"R",1,"FALSE",NA,1105.754136,0.040162075,1272.75,22.41077011,NA,FALSE
"283","UF-H-37228-84-36-L_aligned.ply","spinifera",166.05,184.52,"UF-H-37228",84.2415,35.8115,"L",4,"TRUE","Minor floaty bits - this is the kind of thing to exclude",NA,NA,NA,NA,NA,NA
"284","UF-H-37228-84-38-R_aligned.ply","spinifera",166.05,184.52,"UF-H-37228",84.0161,38.1598,"R",4,"FALSE",NA,846.3798794,0.036729837,1130.38,158.7332214,NA,FALSE
"285","UF-H-37228-84-54-L_aligned.ply","spinifera",166.05,184.52,"UF-H-37228",84.2056,53.5903,"L",4,"TRUE","One side of this one is just weird - the pits are unusually deep and look more like tunnels",NA,NA,NA,NA,NA,NA
"286","UF-H-37228-85-20-R_aligned.ply","spinifera",166.05,184.52,"UF-H-37228",84.8235,19.552,"R",4,"FALSE",NA,583.5611329,0.022857726,1088.12,162.0794803,NA,FALSE
"287","UF-H-37228-85-22-L_aligned.ply","spinifera",166.05,184.52,"UF-H-37228",85.3247,21.8793,"L",4,"FALSE",NA,1604.535564,0.03535711,1498.88,19.40113904,NA,FALSE
"288","UF-H-37228-86-51-R_aligned.ply","spinifera",166.05,184.52,"UF-H-37228",86.0029,51.0202,"R",4,"FALSE",NA,1112.342168,0.04472966,1269.25,156.5378552,NA,FALSE
"289","UF-H-40534-103-45-R_aligned.ply","ferox",167.72,193.58,"UF-H-40534",103.033,45.1841,"R",5,"TRUE","Scanning artifacts, including along edge and in structure - excluded",NA,NA,NA,NA,NA,NA
"290","UF-H-40534-104-32-R_aligned.ply","ferox",167.72,193.58,"UF-H-40534",104.439,32.1197,"R",5,"FALSE","Minor scanning artifacts - removed floaty bits, left in data set",1413.912426,0.056462969,1181.25,25.09866416,NA,TRUE
"291","UF-H-40534-105-19-R_aligned.ply","ferox",167.72,193.58,"UF-H-40534",105.394,19.0732,"R",5,"FALSE","Weird edge - minor",772.6131624,0.049159698,1025.38,156.1456852,NA,FALSE
"292","UF-H-40534-105-30-L_aligned.ply","ferox",167.72,193.58,"UF-H-40534",105.253,30.1618,"L",5,"TRUE","Scanning artifacts and overhangs - excluded",NA,NA,NA,NA,NA,NA
"293","UF-H-40534-105-46-L_aligned.ply","ferox",167.72,193.58,"UF-H-40534",105.253,45.8767,"L",5,"TRUE","Scanning artifacts and overhangs - excluded",NA,NA,NA,NA,NA,NA
"294","UF-H-40534-107-20-L_aligned.ply","ferox",167.72,193.58,"UF-H-40534",106.595,20.4747,"L",5,"FALSE","Weird edge - minor",816.4655023,0.052395171,1076,23.98274026,NA,FALSE
"295","UF-H-40534-123-25-L_aligned.ply","ferox",167.72,193.58,"UF-H-40534",123.464,24.9343,"L",6,"FALSE","Weird edge - minor",1484.840886,0.065037098,1276.12,26.37355876,NA,FALSE
"296","UF-H-40534-124-21-R_aligned.ply","ferox",167.72,193.58,"UF-H-40534",124.234,21.2318,"R",6,"TRUE","Curved edges, bit of something floating off in space - excluded",NA,NA,NA,NA,NA,NA
"297","UF-H-40534-124-29-R_aligned.ply","ferox",167.72,193.58,"UF-H-40534",124.288,29.2232,"R",6,"TRUE","Major scanning artifacts - excluded",NA,NA,NA,NA,NA,NA
"298","UF-H-40534-124-41-L_aligned.ply","ferox",167.72,193.58,"UF-H-40534",123.652,41.2301,"L",6,"FALSE","Scanning artifacts - minor",2024.997554,0.06968648,1451.5,25.99479493,NA,FALSE
"299","UF-H-40534-125-20-L_aligned.ply","ferox",167.72,193.58,"UF-H-40534",125.317,19.6676,"L",6,"FALSE",NA,1382.563409,0.062667273,1258.12,26.28197012,NA,FALSE
"300","UF-H-40534-125-38-R_aligned.ply","ferox",167.72,193.58,"UF-H-40534",125.331,37.6518,"R",6,"FALSE","Scanning artifacts - minor",3202.346237,0.081412545,1605.25,27.67868829,NA,FALSE
"301","UF-H-40534-17-23-L_aligned.ply","ferox",167.72,193.58,"UF-H-40534",16.5037,22.5394,"L",1,"FALSE",NA,827.4673762,0.037113876,1291.75,21.69618474,NA,FALSE
"302","UF-H-40534-18-28-L_aligned.ply","ferox",167.72,193.58,"UF-H-40534",18.0154,28.0821,"L",1,"FALSE",NA,776.2835745,0.036274671,1211.88,21.99999633,NA,FALSE
"303","UF-H-40534-18-29-R_aligned.ply","ferox",167.72,193.58,"UF-H-40534",18.3739,28.6291,"R",1,"FALSE",NA,817.1682071,0.039724761,1190.38,22.07899942,NA,FALSE
"304","UF-H-40534-19-22-R_aligned.ply","ferox",167.72,193.58,"UF-H-40534",19.0117,22.1343,"R",1,"FALSE",NA,907.487562,0.04190265,1302.38,22.64152733,NA,FALSE
"305","UF-H-40534-19-31-R_aligned.ply","ferox",167.72,193.58,"UF-H-40534",19.4513,30.9793,"R",1,"FALSE","Weird edge - very minor",800.8883757,0.038564909,1181,158.2075029,NA,FALSE
"306","UF-H-40534-21-31-L_aligned.ply","ferox",167.72,193.58,"UF-H-40534",20.9415,30.7566,"L",1,"FALSE",NA,738.234088,0.036223605,1226.88,21.37354864,NA,FALSE
"307","UF-H-40534-36-46-L_aligned.ply","ferox",167.72,193.58,"UF-H-40534",36.1273,46.4878,"L",2,"FALSE",NA,675.006865,0.026848554,1347.75,161.0719248,NA,FALSE
"308","UF-H-40534-37-20-L_aligned.ply","ferox",167.72,193.58,"UF-H-40534",37.2606,19.7917,"L",2,"FALSE",NA,620.7595506,0.027814082,1204.12,161.0142151,NA,FALSE
"309","UF-H-40534-38-48-R_aligned.ply","ferox",167.72,193.58,"UF-H-40534",38.3006,48.2277,"R",2,"FALSE",NA,686.649205,0.028691628,1211.62,19.47350353,NA,FALSE
"310","UF-H-40534-40-21-R_aligned.ply","ferox",167.72,193.58,"UF-H-40534",40.4057,21.0704,"R",2,"FALSE",NA,722.6193614,0.028489185,1221.88,160.2262031,NA,FALSE
"311","UF-H-40534-40-35-R_aligned.ply","ferox",167.72,193.58,"UF-H-40534",40.1347,34.55,"R",2,"FALSE",NA,720.1373071,0.031669211,1194.38,159.7058197,NA,FALSE
"312","UF-H-40534-44-38-L_aligned.ply","ferox",167.72,193.58,"UF-H-40534",44.1826,38.0137,"L",2,"FALSE","Minor floaty bits - removed",703.778193,0.039667836,1147.12,21.91455182,NA,TRUE
"313","UF-H-40534-62-21-R_aligned.ply","ferox",167.72,193.58,"UF-H-40534",62.1546,21.0173,"R",3,"FALSE",NA,742.3962397,0.03117778,1191.12,20.52244967,NA,FALSE
"314","UF-H-40534-62-47-L_aligned.ply","ferox",167.72,193.58,"UF-H-40534",62.2232,47.1306,"L",3,"FALSE",NA,606.813543,0.029548424,1127.5,19.4735549,NA,FALSE
"315","UF-H-40534-62-48-R_aligned.ply","ferox",167.72,193.58,"UF-H-40534",62.4074,47.7167,"R",3,"FALSE",NA,778.9062999,0.033012962,1163.12,21.06663973,NA,FALSE
"316","UF-H-40534-63-22-L_aligned.ply","ferox",167.72,193.58,"UF-H-40534",63.2126,22.1198,"L",3,"FALSE",NA,594.4155118,0.028509499,1087.62,19.3847007,NA,FALSE
"317","UF-H-40534-65-31-L_aligned.ply","ferox",167.72,193.58,"UF-H-40534",65.1018,31.2022,"L",3,"FALSE",NA,667.1616793,0.028201563,1249.12,161.1600021,NA,FALSE
"318","UF-H-40534-65-33-R_aligned.ply","ferox",167.72,193.58,"UF-H-40534",64.8838,32.6839,"R",3,"FALSE",NA,697.6284859,0.030267892,1164.75,160.1758893,NA,FALSE
"319","UF-H-40534-83-32-L_aligned.ply","ferox",167.72,193.58,"UF-H-40534",82.6677,31.7679,"L",4,"FALSE",NA,680.4443267,0.02849082,1307.75,18.70732251,NA,FALSE
"320","UF-H-40534-83-36-R_aligned.ply","ferox",167.72,193.58,"UF-H-40534",83.0138,36.1708,"R",4,"FALSE",NA,648.3013763,0.032466496,1126.38,160.0169493,NA,FALSE
"321","UF-H-40534-84-19-R_aligned.ply","ferox",167.72,193.58,"UF-H-40534",83.6107,18.7228,"R",4,"FALSE","Weird edge - very minor",716.3639256,0.038835955,1077.62,21.78039382,NA,FALSE
"322","UF-H-40534-86-19-L_aligned.ply","ferox",167.72,193.58,"UF-H-40534",86.2082,19.2044,"L",4,"FALSE",NA,635.3363743,0.033115988,1122,159.5738504,NA,FALSE
"323","UF-H-40534-86-48-R_aligned.ply","ferox",167.72,193.58,"UF-H-40534",86.1958,47.8041,"R",4,"FALSE",NA,678.2915505,0.036433502,1019.88,21.48086755,NA,FALSE
"324","UF-H-40534-87-51-L_aligned.ply","ferox",167.72,193.58,"UF-H-40534",86.5615,51.4301,"L",4,"FALSE","Has a fissure running through it, but I believe it to be a natural one",917.3278138,0.043724195,1161.25,158.5347086,NA,FALSE
"325","UF-H-43889-106-32-R_aligned.ply","spinifera",140.14,156.34,"UF-H-43889",105.859,31.9077,"R",6,"FALSE",NA,2764.506237,0.050919747,2282,23.24688872,NA,FALSE
"326","UF-H-43889-108-28-R_aligned.ply","spinifera",140.14,156.34,"UF-H-43889",108.079,28.3908,"R",6,"FALSE",NA,2927.252544,0.053607389,2256.38,155.885222,NA,FALSE
"327","UF-H-43889-108-31-L_aligned.ply","spinifera",140.14,156.34,"UF-H-43889",108.284,31.3614,"L",6,"FALSE",NA,2004.802012,0.046711273,2034.62,157.4589532,NA,FALSE
"328","UF-H-43889-108-37-R_aligned.ply","spinifera",140.14,156.34,"UF-H-43889",107.883,36.8611,"R",6,"FALSE",NA,2296.928454,0.038688067,2227.25,20.41415072,NA,FALSE
"329","UF-H-43889-111-30-L_aligned.ply","spinifera",140.14,156.34,"UF-H-43889",111.438,30.3517,"L",6,"FALSE",NA,1964.985958,0.045869526,2000.38,22.75524469,NA,FALSE
"330","UF-H-43889-112-21-L_aligned.ply","spinifera",140.14,156.34,"UF-H-43889",111.604,21.3095,"L",6,"FALSE",NA,2024.250544,0.047122642,1896.12,157.2606441,NA,FALSE
"331","UF-H-43889-13-18-R_aligned.ply","spinifera",140.14,156.34,"UF-H-43889",13.136,17.5611,"R",1,"FALSE",NA,888.4122337,0.027517352,1547,19.21508248,NA,FALSE
"332","UF-H-43889-13-27-R_aligned.ply","spinifera",140.14,156.34,"UF-H-43889",13.3825,26.5869,"R",1,"FALSE",NA,1007.799855,0.029956823,1616.25,19.75211503,NA,FALSE
"333","UF-H-43889-16-20-L_aligned.ply","spinifera",140.14,156.34,"UF-H-43889",16.0629,20.0913,"L",1,"FALSE",NA,1487.192421,0.038959052,1989.62,21.06121961,NA,FALSE
"334","UF-H-43889-17-25-L_aligned.ply","spinifera",140.14,156.34,"UF-H-43889",16.8409,25.4529,"L",1,"FALSE",NA,1537.274752,0.039129746,1936.38,158.9224951,NA,FALSE
"335","UF-H-43889-18-29-L_aligned.ply","spinifera",140.14,156.34,"UF-H-43889",18.3567,28.6316,"L",1,"FALSE","Minor scanning artifacts? Left in data set for now",1491.041719,0.036357699,1885.38,159.6695953,NA,FALSE
"336","UF-H-43889-19-24-R_aligned.ply","spinifera",140.14,156.34,"UF-H-43889",18.9731,24.1278,"R",1,"FALSE",NA,929.7618372,0.028164355,1554.75,160.6538687,NA,FALSE
"337","UF-H-43889-35-41-R_aligned.ply","spinifera",140.14,156.34,"UF-H-43889",34.6545,41.0995,"R",2,"FALSE",NA,1054.243301,0.025682035,1746.25,161.2994626,NA,FALSE
"338","UF-H-43889-37-34-R_aligned.ply","spinifera",140.14,156.34,"UF-H-43889",37.4439,33.7175,"R",2,"FALSE",NA,1135.491747,0.028733647,1663.12,19.4210704,NA,FALSE
"339","UF-H-43889-37-35-R_aligned.ply","spinifera",140.14,156.34,"UF-H-43889",37.4511,34.8858,"R",2,"FALSE",NA,1217.594277,0.029618225,1791.25,160.3575075,NA,FALSE
"340","UF-H-43889-38-38-L_aligned.ply","spinifera",140.14,156.34,"UF-H-43889",37.5047,37.5951,"L",2,"FALSE","Minor scanning artifacts? Left in data set for now",2629.380198,0.057663136,2248.62,24.26787267,NA,FALSE
"341","UF-H-43889-41-33-L_aligned.ply","spinifera",140.14,156.34,"UF-H-43889",40.8997,32.6658,"L",2,"FALSE",NA,2192.82438,0.048528249,2136.12,157.4313246,NA,FALSE
"342","UF-H-43889-41-40-L_aligned.ply","spinifera",140.14,156.34,"UF-H-43889",41.2789,39.5819,"L",2,"FALSE",NA,2519.560185,0.05498484,2238.38,23.75577028,NA,FALSE
"343","UF-H-43889-56-21-R_aligned.ply","spinifera",140.14,156.34,"UF-H-43889",55.6589,21.1428,"R",3,"FALSE","Weird edge - left in for now",2051.861741,0.035417978,2045.25,160.4840223,NA,FALSE
"344","UF-H-43889-56-32-R_aligned.ply","spinifera",140.14,156.34,"UF-H-43889",55.8906,32.4553,"R",3,"FALSE","Weird fold in the scan - seems minor? Left in for now",2854.351049,0.0759666,2175.62,154.5739758,NA,FALSE
"345","UF-H-43889-57-20-L_aligned.ply","spinifera",140.14,156.34,"UF-H-43889",56.7306,20.0729,"L",3,"FALSE",NA,1185.476246,0.031569413,1782.25,160.8486592,NA,FALSE
"346","UF-H-43889-57-46-R_aligned.ply","spinifera",140.14,156.34,"UF-H-43889",56.8325,46.4375,"R",3,"FALSE","Weird fold in the scan - removed floating part, left in for now",1381.617969,0.040054508,1879.25,20.97219872,NA,TRUE
"347","UF-H-43889-58-31-L_aligned.ply","spinifera",140.14,156.34,"UF-H-43889",58.0531,30.7824,"L",3,"FALSE",NA,1512.432148,0.039019079,1905.88,20.85708893,NA,FALSE
"348","UF-H-43889-58-43-L_aligned.ply","spinifera",140.14,156.34,"UF-H-43889",58.132,42.952,"L",3,"FALSE",NA,1973.503667,0.04625974,2210.25,157.2029158,NA,FALSE
"349","UF-H-43889-73-25-R_aligned.ply","spinifera",140.14,156.34,"UF-H-43889",73.2846,24.9755,"R",4,"FALSE","Weird edge - may or may not be an issue later, left in for now",3003.0302,0.068764672,2218.25,24.48366534,NA,FALSE
"350","UF-H-43889-75-44-R_aligned.ply","spinifera",140.14,156.34,"UF-H-43889",74.5767,43.6298,"R",4,"FALSE","Minor scanning artifacts - floaty bits removed, left in data set for now",2441.110437,0.048915822,2020.88,156.9654928,NA,TRUE
"351","UF-H-43889-76-19-L_aligned.ply","spinifera",140.14,156.34,"UF-H-43889",76.3902,19.0239,"L",4,"FALSE",NA,1099.628948,0.030045755,1706.38,160.966525,NA,FALSE
"352","UF-H-43889-76-31-L_aligned.ply","spinifera",140.14,156.34,"UF-H-43889",75.825,30.8581,"L",4,"FALSE",NA,1366.407952,0.037343583,1825.88,159.293094,NA,FALSE
"353","UF-H-43889-76-38-R_aligned.ply","spinifera",140.14,156.34,"UF-H-43889",75.7266,37.8279,"R",4,"FALSE","Minor scanning artifacts - floaty bits removed, left in data set for now",3343.94821,0.054700637,2337,24.71736768,NA,TRUE
"354","UF-H-43889-78-45-L_aligned.ply","spinifera",140.14,156.34,"UF-H-43889",78.355,44.6196,"L",4,"FALSE",NA,2070.305768,0.048486601,2174,156.57941,NA,FALSE
"355","UF-H-43889-90-18-R_aligned.ply","spinifera",140.14,156.34,"UF-H-43889",89.7697,18.3813,"R",5,"FALSE","Minor scanning artifacts - left in data set for now",3196.621833,0.047832999,2103.25,21.63649255,NA,FALSE
"356","UF-H-43889-90-33-L_aligned.ply","spinifera",140.14,156.34,"UF-H-43889",89.51,32.6454,"L",5,"FALSE",NA,2063.551571,0.047831525,1993.12,22.98493249,NA,FALSE
"357","UF-H-43889-92-31-L_aligned.ply","spinifera",140.14,156.34,"UF-H-43889",91.8252,30.9211,"L",5,"FALSE",NA,2080.874711,0.048625607,2035,157.1669888,NA,FALSE
"358","UF-H-43889-92-36-R_aligned.ply","spinifera",140.14,156.34,"UF-H-43889",92.3696,35.8096,"R",5,"FALSE","Minor scanning artifacts - left in data set for now",3055.560964,0.052227865,2269.88,23.050052,NA,FALSE
"359","UF-H-43889-92-40-L_aligned.ply","spinifera",140.14,156.34,"UF-H-43889",92.1723,39.6359,"L",5,"FALSE",NA,2195.870476,0.051957293,2116.75,156.4476035,NA,FALSE
"360","UF-H-43889-96-42-R_aligned.ply","spinifera",140.14,156.34,"UF-H-43889",95.7524,41.9747,"R",5,"FALSE",NA,2240.502862,0.038685657,2032.25,159.3464478,NA,FALSE
"361","UF-H-45356-103-31-L_aligned.ply","spinifera",143.21,164.54,"UF-H-45356",103.126,30.8639,"L",6,"FALSE",NA,1036.965477,0.021756389,2202.75,162.9966036,NA,FALSE
"362","UF-H-45356-104-37-L_aligned.ply","spinifera",143.21,164.54,"UF-H-45356",103.817,37.0449,"L",6,"FALSE",NA,1047.675834,0.022311083,2185.5,17.2136424,NA,FALSE
"363","UF-H-45356-105-30-R_aligned.ply","spinifera",143.21,164.54,"UF-H-45356",105.33,30.4152,"R",6,"FALSE",NA,1214.788165,0.022728387,2428,162.3636919,NA,FALSE
"364","UF-H-45356-105-35-R_aligned.ply","spinifera",143.21,164.54,"UF-H-45356",104.697,35.2784,"R",6,"FALSE","Duplicated file - appears to be genuine duplication, not repeated in molaR_Batch",1129.547563,0.022050038,2467.12,163.1126119,NA,FALSE
"365","UF-H-45356-106-42-L_aligned.ply","spinifera",143.21,164.54,"UF-H-45356",106.363,41.6576,"L",6,"FALSE",NA,857.3206489,0.018147749,2037.12,16.03336743,NA,FALSE
"366","UF-H-45356-111-34-R_aligned.ply","spinifera",143.21,164.54,"UF-H-45356",111.477,34.4232,"R",6,"FALSE",NA,1328.634743,0.024055013,2650.5,17.50155486,NA,FALSE
"367","UF-H-45356-14-21-R_aligned.ply","spinifera",143.21,164.54,"UF-H-45356",13.5968,21.1828,"R",1,"FALSE",NA,1364.936149,0.030353597,2185.25,160.4426047,NA,FALSE
"368","UF-H-45356-15-21-L_aligned.ply","spinifera",143.21,164.54,"UF-H-45356",15.2785,20.6153,"L",1,"FALSE","Weird edge, appears natural",1420.509345,0.034491554,2012.75,20.69753344,NA,FALSE
"369","UF-H-45356-15-29-L_aligned.ply","spinifera",143.21,164.54,"UF-H-45356",14.6083,28.992,"L",1,"FALSE",NA,1471.583783,0.037071251,2258.38,20.57591306,NA,FALSE
"370","UF-H-45356-15-34-L_aligned.ply","spinifera",143.21,164.54,"UF-H-45356",15.3799,34.2686,"L",1,"FALSE","Very weird edge/scanning artifact - manually removed",1364.27828,0.038761799,1941.88,21.71257485,NA,TRUE
"371","UF-H-45356-18-28-R_aligned.ply","spinifera",143.21,164.54,"UF-H-45356",17.8438,27.8164,"R",1,"FALSE","Large floaty bit - removed",1474.806307,0.036614923,2210.12,158.3513485,NA,TRUE
"372","UF-H-45356-18-31-R_aligned.ply","spinifera",143.21,164.54,"UF-H-45356",17.7121,31.0079,"R",1,"FALSE","Large floaty bit - removed",1352.026947,0.036891608,2090.38,158.5943653,NA,TRUE
"373","UF-H-45356-32-47-R_aligned.ply","spinifera",143.21,164.54,"UF-H-45356",31.7493,47.2863,"R",2,"FALSE",NA,1181.982616,0.023376711,2120.12,17.42828841,NA,FALSE
"374","UF-H-45356-34-37-R_aligned.ply","spinifera",143.21,164.54,"UF-H-45356",33.6606,37.0961,"R",2,"FALSE",NA,1293.797382,0.025898279,2273.38,18.29039758,NA,FALSE
"375","UF-H-45356-35-21-R_aligned.ply","spinifera",143.21,164.54,"UF-H-45356",35.4109,21.356,"R",2,"FALSE","Flat spot, appears natural",750.181017,0.014983843,1999.25,165.4556151,NA,FALSE
"376","UF-H-45356-35-22-L_aligned.ply","spinifera",143.21,164.54,"UF-H-45356",35.0089,22.2254,"L",2,"FALSE",NA,651.7991522,0.011596386,1942.5,13.80229447,NA,FALSE
"377","UF-H-45356-36-38-L_aligned.ply","spinifera",143.21,164.54,"UF-H-45356",35.5706,38.1095,"L",2,"FALSE",NA,1121.585423,0.021136411,2084.12,162.6424561,NA,FALSE
"378","UF-H-45356-36-50-L_aligned.ply","spinifera",143.21,164.54,"UF-H-45356",36.1476,49.8078,"L",2,"FALSE",NA,984.52371,0.022310746,1963.75,163.2305776,NA,FALSE
"379","UF-H-45356-49-35-R_aligned.ply","spinifera",143.21,164.54,"UF-H-45356",48.5855,34.7414,"R",3,"FALSE",NA,743.4798965,0.014321346,1998,14.69465795,NA,FALSE
"380","UF-H-45356-50-52-R_aligned.ply","spinifera",143.21,164.54,"UF-H-45356",49.7719,51.944,"R",3,"FALSE",NA,688.4922151,0.011839931,1888.12,13.72200704,NA,FALSE
"381","UF-H-45356-52-21-R_aligned.ply","spinifera",143.21,164.54,"UF-H-45356",51.6743,21.0616,"R",3,"FALSE",NA,533.2255756,0.008341762,1851,167.3364357,NA,FALSE
"382","UF-H-45356-54-22-L_aligned.ply","spinifera",143.21,164.54,"UF-H-45356",53.943,22.0714,"L",3,"FALSE",NA,629.7576535,0.011392537,1987.38,13.33808414,NA,FALSE
"383","UF-H-45356-55-39-L_aligned.ply","spinifera",143.21,164.54,"UF-H-45356",55.3146,39.0486,"L",3,"FALSE",NA,926.5690473,0.017794241,2038.25,164.0953763,NA,FALSE
"384","UF-H-45356-58-50-L_aligned.ply","spinifera",143.21,164.54,"UF-H-45356",58.0728,49.6016,"L",3,"FALSE",NA,981.4427771,0.019767417,2040.62,163.9352158,NA,FALSE
"385","UF-H-45356-67-54-R_aligned.ply","spinifera",143.21,164.54,"UF-H-45356",67.1058,54.2095,"R",4,"FALSE",NA,650.9891474,0.011459999,1732.12,14.0543072,NA,FALSE
"386","UF-H-45356-69-39-R_aligned.ply","spinifera",143.21,164.54,"UF-H-45356",68.9323,39.3004,"R",4,"FALSE",NA,695.19199,0.014599334,1915.5,165.3894794,NA,FALSE
"387","UF-H-45356-70-25-R_aligned.ply","spinifera",143.21,164.54,"UF-H-45356",70.3017,24.5266,"R",4,"FALSE",NA,522.0904732,0.006058648,1853.75,12.24197316,NA,FALSE
"388","UF-H-45356-71-41-L_aligned.ply","spinifera",143.21,164.54,"UF-H-45356",71.1501,40.5861,"L",4,"FALSE",NA,761.1828315,0.012277772,2077.12,165.5202095,NA,FALSE
"389","UF-H-45356-72-52-L_aligned.ply","spinifera",143.21,164.54,"UF-H-45356",72.1278,51.8907,"L",4,"FALSE",NA,752.1501674,0.014768915,1986.38,14.67944267,NA,FALSE
"390","UF-H-45356-73-23-L_aligned.ply","spinifera",143.21,164.54,"UF-H-45356",73.1959,22.5689,"L",4,"FALSE",NA,592.2680788,0.008684709,1981.75,167.0842653,NA,FALSE
"391","UF-H-45356-83-53-R_aligned.ply","spinifera",143.21,164.54,"UF-H-45356",83.2562,52.6433,"R",5,"FALSE",NA,613.5614935,0.013726731,1770.25,165.8416746,NA,FALSE
"392","UF-H-45356-87-27-R_aligned.ply","spinifera",143.21,164.54,"UF-H-45356",86.6151,26.7892,"R",5,"FALSE",NA,640.1097228,0.013234082,1989.25,13.94615513,NA,FALSE
"393","UF-H-45356-87-33-L_aligned.ply","spinifera",143.21,164.54,"UF-H-45356",86.5093,33.1676,"L",5,"FALSE",NA,897.8819494,0.017578432,2155.88,164.1194271,NA,FALSE
"394","UF-H-45356-87-38-R_aligned.ply","spinifera",143.21,164.54,"UF-H-45356",86.8636,38.48,"R",5,"FALSE",NA,782.088099,0.016022599,2031.38,15.30731231,NA,FALSE
"395","UF-H-45356-88-23-L_aligned.ply","spinifera",143.21,164.54,"UF-H-45356",88.0053,23.1529,"L",5,"FALSE",NA,736.5055143,0.014604178,1991.88,14.5234215,NA,FALSE
"396","UF-H-45356-89-47-L_aligned.ply","spinifera",143.21,164.54,"UF-H-45356",88.9255,46.6958,"L",5,"FALSE",NA,777.1671443,0.015890779,1934.12,14.93071667,NA,FALSE
"397","UF-H-53383-100-21-L_aligned.ply","ferox",157.84,179.45,"UF-H-53383",99.8592,20.5396,"L",5,"FALSE",NA,1563.604877,0.039709274,1606.38,158.6408313,NA,FALSE
"398","UF-H-53383-100-29-L_aligned.ply","ferox",157.84,179.45,"UF-H-53383",100.158,28.5534,"L",5,"FALSE",NA,1138.151875,0.036569729,1488.38,159.0304182,NA,FALSE
"399","UF-H-53383-100-53-R_aligned.ply","ferox",157.84,179.45,"UF-H-53383",100.062,52.968,"R",5,"FALSE",NA,937.8302129,0.036041849,1341.5,21.56760107,NA,FALSE
"400","UF-H-53383-118-45-R_aligned.ply","ferox",157.84,179.45,"UF-H-53383",117.511,45.0978,"R",6,"FALSE",NA,1142.787469,0.040942927,1357,156.9192725,NA,FALSE
"401","UF-H-53383-119-28-L_aligned.ply","ferox",157.84,179.45,"UF-H-53383",118.59,27.5259,"L",6,"FALSE","Large valley near edge - appears natural",1272.641107,0.052656488,1217.38,24.4547033,NA,FALSE
"402","UF-H-53383-119-44-L_aligned.ply","ferox",157.84,179.45,"UF-H-53383",119.182,44.0684,"L",6,"FALSE",NA,1270.295299,0.045275114,1473.5,23.95497875,NA,FALSE
"403","UF-H-53383-120-41-R_aligned.ply","ferox",157.84,179.45,"UF-H-53383",119.775,41.3375,"R",6,"FALSE","Small floaty bits - removed",1222.250661,0.052563139,1290.75,155.3265836,NA,TRUE
"404","UF-H-53383-120-42-R_aligned.ply","ferox",157.84,179.45,"UF-H-53383",120.368,41.5426,"R",6,"FALSE",NA,1367.740412,0.056946623,1336.5,24.98630249,NA,FALSE
"405","UF-H-53383-124-34-L_aligned.ply","ferox",157.84,179.45,"UF-H-53383",124.001,34.4137,"L",6,"FALSE",NA,1101.188269,0.048377987,1238.5,155.8250838,NA,FALSE
"406","UF-H-53383-17-19-L_aligned.ply","ferox",157.84,179.45,"UF-H-53383",16.5186,19.4885,"L",1,"TRUE","Major scanning artifacts - exclude",NA,NA,NA,NA,NA,NA
"407","UF-H-53383-17-30-R_aligned.ply","ferox",157.84,179.45,"UF-H-53383",17.2056,29.8813,"R",1,"FALSE","Manually removed edge artifact",1211.3967,0.048068291,1480.25,24.13228477,NA,TRUE
"408","UF-H-53383-17-37-R_aligned.ply","ferox",157.84,179.45,"UF-H-53383",17.0585,37.2069,"R",1,"FALSE","Manually removed edge artifact",1143.757286,0.046467109,1438.75,23.47947181,NA,TRUE
"409","UF-H-53383-18-25-R_aligned.ply","ferox",157.84,179.45,"UF-H-53383",18.3373,25.239,"R",1,"FALSE","Manually removed edge artifact",1116.717364,0.037724461,1543.5,21.56150732,NA,TRUE
"410","UF-H-53383-19-27-L_aligned.ply","ferox",157.84,179.45,"UF-H-53383",19.495,27.2,"L",1,"TRUE","Major scanning artifacts - exclude",NA,NA,NA,NA,NA,NA
"411","UF-H-53383-20-29-L_aligned.ply","ferox",157.84,179.45,"UF-H-53383",20.0444,29.2667,"L",1,"TRUE","Major scanning artifacts - exclude",NA,NA,NA,NA,NA,NA
"412","UF-H-53383-35-33-L_aligned.ply","ferox",157.84,179.45,"UF-H-53383",35.4686,32.9718,"L",2,"TRUE","Major scanning artifacts - exclude",NA,NA,NA,NA,NA,NA
"413","UF-H-53383-35-56-R_aligned.ply","ferox",157.84,179.45,"UF-H-53383",34.6749,56.3979,"R",2,"FALSE",NA,835.8159334,0.027038104,1431.38,160.5740393,NA,FALSE
"414","UF-H-53383-36-43-R_aligned.ply","ferox",157.84,179.45,"UF-H-53383",36.0525,43.2804,"R",2,"FALSE",NA,930.5385499,0.024277305,1671.5,161.3719917,NA,FALSE
"415","UF-H-53383-37-27-R_aligned.ply","ferox",157.84,179.45,"UF-H-53383",37.3482,26.6696,"R",2,"FALSE",NA,944.5660614,0.022567281,1622.5,162.2590861,NA,FALSE
"416","UF-H-53383-37-40-L_aligned.ply","ferox",157.84,179.45,"UF-H-53383",37.399,40.181,"L",2,"TRUE","Major scanning artifacts - exclude",NA,NA,NA,NA,NA,NA
"417","UF-H-53383-38-19-L_aligned.ply","ferox",157.84,179.45,"UF-H-53383",37.9638,19.1407,"L",2,"TRUE","Major scanning artifacts - exclude",NA,NA,NA,NA,NA,NA
"418","UF-H-53383-57-62-R_aligned.ply","ferox",157.84,179.45,"UF-H-53383",57.1742,62.0508,"R",3,"FALSE",NA,857.2736072,0.026509986,1398.62,19.74884942,NA,FALSE
"419","UF-H-53383-58-26-R_aligned.ply","ferox",157.84,179.45,"UF-H-53383",58.1892,25.523,"R",3,"FALSE",NA,735.4715216,0.023123713,1427,17.70220353,NA,FALSE
"420","UF-H-53383-60-21-L_aligned.ply","ferox",157.84,179.45,"UF-H-53383",60.2777,20.753,"L",3,"TRUE","Major scanning artifacts - exclude",NA,NA,NA,NA,NA,NA
"421","UF-H-53383-60-33-L_aligned.ply","ferox",157.84,179.45,"UF-H-53383",60.4803,33.4133,"L",3,"TRUE","Major scanning artifacts - exclude",NA,NA,NA,NA,NA,NA
"422","UF-H-53383-62-43-R_aligned.ply","ferox",157.84,179.45,"UF-H-53383",61.878,42.7374,"R",3,"FALSE",NA,1003.830642,0.027195656,1676.62,19.55117904,NA,FALSE
"423","UF-H-53383-65-46-L_aligned.ply","ferox",157.84,179.45,"UF-H-53383",64.9681,45.5031,"L",3,"TRUE","Major scanning artifacts - exclude",NA,NA,NA,NA,NA,NA
"424","UF-H-53383-77-63-R_aligned.ply","ferox",157.84,179.45,"UF-H-53383",76.9253,62.8115,"R",4,"FALSE",NA,865.2495439,0.031216998,1380.88,159.5490636,NA,FALSE
"425","UF-H-53383-78-41-R_aligned.ply","ferox",157.84,179.45,"UF-H-53383",78.3161,41.1942,"R",4,"FALSE",NA,892.7617551,0.034209951,1343,159.040246,NA,FALSE
"426","UF-H-53383-80-38-L_aligned.ply","ferox",157.84,179.45,"UF-H-53383",80.3342,38.1342,"L",4,"FALSE",NA,899.7456806,0.031217362,1564.75,160.2693563,NA,FALSE
"427","UF-H-53383-81-28-R_aligned.ply","ferox",157.84,179.45,"UF-H-53383",81.2618,28.0985,"R",4,"FALSE",NA,737.0996908,0.027159256,1199.38,160.6272601,NA,FALSE
"428","UF-H-53383-82-17-L_aligned.ply","ferox",157.84,179.45,"UF-H-53383",81.6794,17.4943,"L",4,"FALSE","Minor scanning artifacts - left in data set for now",1313.098592,0.028863731,1670.12,161.474492,NA,FALSE
"429","UF-H-53383-87-51-L_aligned.ply","ferox",157.84,179.45,"UF-H-53383",86.9877,50.5372,"L",4,"FALSE",NA,939.2861997,0.029009647,1577.62,19.95436121,NA,FALSE
"430","UF-H-53383-97-28-R_aligned.ply","ferox",157.84,179.45,"UF-H-53383",97.0155,28.1418,"R",5,"FALSE","Large ridge near edge - appears natural",1986.040345,0.056527179,1498,155.4804295,NA,FALSE
"431","UF-H-53383-98-45-R_aligned.ply","ferox",157.84,179.45,"UF-H-53383",98.0216,44.9131,"R",5,"FALSE",NA,942.279394,0.037013491,1341,158.2762269,NA,FALSE
"432","UF-H-53383-98-46-L_aligned.ply","ferox",157.84,179.45,"UF-H-53383",98.2551,46.0966,"L",5,"FALSE",NA,1019.674037,0.034382366,1464.5,21.42649152,NA,FALSE
"433","UF-H-57728-110-39-R_aligned.ply","cartilaginea",152.04,171.81,"UF-H-57728",110.12,39.4064,"R",6,"FALSE",NA,1122.939176,0.070841659,953.38,151.4992758,NA,FALSE
"434","UF-H-57728-110-43-L_aligned.ply","cartilaginea",152.04,171.81,"UF-H-57728",110.145,43.1981,"L",6,"FALSE",NA,999.0810632,0.056768359,1063.75,154.0975188,NA,FALSE
"435","UF-H-57728-111-30-R_aligned.ply","cartilaginea",152.04,171.81,"UF-H-57728",111.366,30.2367,"R",6,"FALSE",NA,1156.228152,0.074730227,942.5,150.7503394,NA,FALSE
"436","UF-H-57728-112-42-L_aligned.ply","cartilaginea",152.04,171.81,"UF-H-57728",112.003,41.5654,"L",6,"FALSE",NA,929.5728928,0.058262971,1014.12,154.0755645,NA,FALSE
"437","UF-H-57728-112-50-L_aligned.ply","cartilaginea",152.04,171.81,"UF-H-57728",111.965,50.3942,"L",6,"FALSE",NA,794.335616,0.044531857,996.12,23.26217828,NA,FALSE
"438","UF-H-57728-113-52-R_aligned.ply","cartilaginea",152.04,171.81,"UF-H-57728",113.263,52.3281,"R",6,"FALSE",NA,828.4609625,0.04791317,964.75,23.81787986,NA,FALSE
"439","UF-H-57728-12-34-R_aligned.ply","cartilaginea",152.04,171.81,"UF-H-57728",12.2157,33.9214,"R",1,"FALSE","Very weird edge/scanning artifact - removed manually",1216.94496,0.085857129,929.88,31.80485581,NA,TRUE
"440","UF-H-57728-16-28-R_aligned.ply","cartilaginea",152.04,171.81,"UF-H-57728",15.9984,28.3565,"R",1,"FALSE",NA,1509.25247,0.089351452,993.12,147.4970647,NA,FALSE
"441","UF-H-57728-18-21-L_aligned.ply","cartilaginea",152.04,171.81,"UF-H-57728",18.1099,21.3501,"L",1,"FALSE","Large floaty bit - removed",1576.985945,0.093870831,1018.5,146.7700949,NA,TRUE
"442","UF-H-57728-20-22-R_aligned.ply","cartilaginea",152.04,171.81,"UF-H-57728",20.3293,21.521,"R",1,"FALSE","Large floaty bit - removed",1589.181299,0.090216365,1077,147.5894133,NA,TRUE
"443","UF-H-57728-21-27-L_aligned.ply","cartilaginea",152.04,171.81,"UF-H-57728",21.2045,27.3733,"L",1,"FALSE",NA,1566.007228,0.092067665,1005.25,147.2515223,NA,FALSE
"444","UF-H-57728-25-36-L_aligned.ply","cartilaginea",152.04,171.81,"UF-H-57728",25.282,35.9673,"L",1,"FALSE",NA,1434.617564,0.085906124,972.62,31.42838786,NA,FALSE
"445","UF-H-57728-37-43-L_aligned.ply","cartilaginea",152.04,171.81,"UF-H-57728",37.1021,42.6418,"L",2,"FALSE",NA,1422.572642,0.071994995,1048.75,29.01842564,NA,FALSE
"446","UF-H-57728-40-29-R_aligned.ply","cartilaginea",152.04,171.81,"UF-H-57728",39.782,29.1737,"R",2,"FALSE",NA,1313.360737,0.078771647,993,149.8561717,NA,FALSE
"447","UF-H-57728-41-38-R_aligned.ply","cartilaginea",152.04,171.81,"UF-H-57728",41.4691,37.7785,"R",2,"FALSE",NA,1349.138934,0.074642353,1054.75,150.4301804,NA,FALSE
"448","UF-H-57728-43-46-L_aligned.ply","cartilaginea",152.04,171.81,"UF-H-57728",43.3195,46.4997,"L",2,"FALSE",NA,857.2609271,0.045740623,1025.25,23.29145219,NA,FALSE
"449","UF-H-57728-43-53-R_aligned.ply","cartilaginea",152.04,171.81,"UF-H-57728",43.2814,52.6429,"R",2,"FALSE",NA,1059.702837,0.054599398,1106.25,154.4138801,NA,FALSE
"450","UF-H-57728-46-56-L_aligned.ply","cartilaginea",152.04,171.81,"UF-H-57728",45.7187,55.6439,"L",2,"FALSE",NA,857.2609271,0.045740623,1025.25,23.29145219,NA,FALSE
"451","UF-H-57728-56-30-R_aligned.ply","cartilaginea",152.04,171.81,"UF-H-57728",55.6961,29.941,"R",3,"FALSE",NA,1636.382017,0.085423498,1011.5,30.82410518,NA,FALSE
"452","UF-H-57728-58-61-R_aligned.ply","cartilaginea",152.04,171.81,"UF-H-57728",58.4467,61.114,"R",3,"FALSE",NA,878.0504382,0.044993482,1058.75,23.55999375,NA,FALSE
"453","UF-H-57728-59-47-R_aligned.ply","cartilaginea",152.04,171.81,"UF-H-57728",58.9718,47.1143,"R",3,"FALSE",NA,1328.888907,0.071186068,1124.5,28.90316647,NA,FALSE
"454","UF-H-57728-63-56-L_aligned.ply","cartilaginea",152.04,171.81,"UF-H-57728",63.2771,55.671,"L",3,"FALSE",NA,934.0205364,0.049717518,997,155.8336683,NA,FALSE
"455","UF-H-57728-64-43-L_aligned.ply","cartilaginea",152.04,171.81,"UF-H-57728",63.6519,43.3068,"L",3,"FALSE",NA,1257.784738,0.069649958,1052.38,151.5667624,NA,FALSE
"456","UF-H-57728-65-56-L_aligned.ply","cartilaginea",152.04,171.81,"UF-H-57728",65.0082,56.0743,"L",3,"FALSE",NA,868.4285739,0.047124064,946.75,24.05905673,NA,FALSE
"457","UF-H-57728-77-29-R_aligned.ply","cartilaginea",152.04,171.81,"UF-H-57728",76.7717,28.5993,"R",4,"FALSE","Minor weird edges - should be ok, left in data set for now",1611.395458,0.091513122,995.62,31.90808235,NA,FALSE
"458","UF-H-57728-77-57-L_aligned.ply","cartilaginea",152.04,171.81,"UF-H-57728",76.8915,57.2191,"L",4,"FALSE",NA,837.6872274,0.043283874,1057.75,156.7182279,NA,FALSE
"459","UF-H-57728-77-61-R_aligned.ply","cartilaginea",152.04,171.81,"UF-H-57728",77.2014,60.755,"R",4,"FALSE",NA,792.8815703,0.042384337,960,157.2304995,NA,FALSE
"460","UF-H-57728-78-41-R_aligned.ply","cartilaginea",152.04,171.81,"UF-H-57728",77.5242,40.7066,"R",4,"FALSE",NA,1423.914407,0.08057498,1036.62,149.7669481,NA,FALSE
"461","UF-H-57728-79-33-L_aligned.ply","cartilaginea",152.04,171.81,"UF-H-57728",78.6568,32.6781,"L",4,"FALSE",NA,1285.384524,0.073354362,1044.25,29.49578782,NA,FALSE
"462","UF-H-57728-82-47-L_aligned.ply","cartilaginea",152.04,171.81,"UF-H-57728",81.9565,47.122,"L",4,"FALSE",NA,1163.682749,0.062044305,1067.62,152.6292676,NA,FALSE
"463","UF-H-57728-94-45-R_aligned.ply","cartilaginea",152.04,171.81,"UF-H-57728",93.9334,44.6225,"R",5,"FALSE",NA,1123.589187,0.067097556,970.75,152.0270541,NA,FALSE
"464","UF-H-57728-95-35-R_aligned.ply","cartilaginea",152.04,171.81,"UF-H-57728",94.7065,34.9445,"R",5,"FALSE",NA,1216.467348,0.07578353,948.25,150.8436666,NA,FALSE
"465","UF-H-57728-95-37-L_aligned.ply","cartilaginea",152.04,171.81,"UF-H-57728",95.2208,37.3671,"L",5,"FALSE",NA,1191.14979,0.066899034,1085.25,27.84901299,NA,FALSE
"466","UF-H-57728-95-57-R_aligned.ply","cartilaginea",152.04,171.81,"UF-H-57728",95.4165,56.9076,"R",5,"FALSE",NA,840.9832787,0.04769207,959.75,156.1172534,NA,FALSE
"467","UF-H-57728-96-56-L_aligned.ply","cartilaginea",152.04,171.81,"UF-H-57728",96.0073,56.4204,"L",5,"FALSE",NA,807.6573506,0.042315794,1019.75,22.89978161,NA,FALSE
"468","UF-H-57728-98-44-L_aligned.ply","cartilaginea",152.04,171.81,"UF-H-57728",97.5862,43.7999,"L",5,"FALSE",NA,1057.738058,0.061776976,1040.62,153.1323074,NA,FALSE
